1539098002.252,   0.991,   0.032,  -0.935, -0.386522, +0.675798, -2.483016 
1539098002.352,   0.998,   0.022,  -1.065, -0.383814, +0.669767, -2.543704 
1539098002.451,   1.004,   0.008,  -1.210, -0.382154, +0.659093, -2.659297 
1539098002.551,   1.008,  -0.006,  -1.361, -0.380497, +0.646169, -2.781081 
1539098002.651,   1.010,  -0.024,  -1.492, -0.380203, +0.631427, -2.910962 
1539098002.751,   1.011,  -0.047,  -1.576, -0.380364, +0.610063, -3.026628 
1539098002.861,   1.011,  -0.064,  -1.640, -0.380984, +0.593913, -3.086512 
1539098002.961,   1.010,  -0.065,  -1.649, -0.382337, +0.581721, -3.123909 
1539098003.061,   1.010,  -0.077,  -1.626, -0.381542, +0.570405, -3.111467 
1539098003.160,   1.009,  -0.099,  -1.601, -0.381225, +0.555153, -3.088596 
1539098003.260,   1.008,  -0.112,  -1.588, -0.379848, +0.539862, -3.073831 
1539098003.360,   1.008,  -0.119,  -1.585, -0.378826, +0.526463, -3.064673 
1539098003.460,   1.008,  -0.136,  -1.591, -0.378010, +0.512201, -3.065471 
1539098003.560,   1.007,  -0.158,  -1.612, -0.377721, +0.494966, -3.074673 
1539098003.660,   1.006,  -0.178,  -1.630, -0.377590, +0.476541, -3.090525 
1539098003.760,   1.005,  -0.194,  -1.632, -0.377836, +0.458403, -3.098827 
1539098003.859,   1.004,  -0.210,  -1.630, -0.378390, +0.440837, -3.104883 
1539098003.960,   1.004,  -0.228,  -1.614, -0.378237, +0.422191, -3.096344 
1539098004.069,   1.003,  -0.253,  -1.599, -0.377261, +0.402281, -3.078559 
1539098004.169,   1.002,  -0.275,  -1.587, -0.376566, +0.382658, -3.071743 
1539098004.269,   1.002,  -0.296,  -1.582, -0.375766, +0.363152, -3.063251 
1539098004.369,   1.002,  -0.308,  -1.578, -0.375109, +0.345289, -3.062926 
1539098004.469,   1.002,  -0.316,  -1.587, -0.374014, +0.330581, -3.058099 
1539098004.568,   1.001,  -0.332,  -1.591, -0.373114, +0.316041, -3.064847 
1539098004.668,   1.001,  -0.352,  -1.611, -0.372847, +0.300282, -3.073947 
1539098004.768,   1.000,  -0.371,  -1.646, -0.372560, +0.283262, -3.095305 
1539098004.868,   0.998,  -0.385,  -1.684, -0.373247, +0.267518, -3.125962 
1539098004.968,   0.997,  -0.396,  -1.722, -0.375003, +0.253438, +3.120949 
1539098005.068,   0.996,  -0.405,  -1.739, -0.376676, +0.240381, +3.095440 
1539098005.168,   0.993,  -0.419,  -1.713, -0.377888, +0.227171, +3.099277 
1539098005.267,   0.991,  -0.437,  -1.661, -0.378098, +0.211678, +3.128359 
1539098005.367,   0.990,  -0.454,  -1.604, -0.377380, +0.195853, -3.107398 
1539098005.477,   0.990,  -0.470,  -1.545, -0.375535, +0.180093, -3.059353 
1539098005.577,   0.991,  -0.482,  -1.500, -0.373605, +0.165780, -3.015330 
1539098005.677,   0.992,  -0.494,  -1.480, -0.370889, +0.151853, -2.987170 
1539098005.777,   0.993,  -0.507,  -1.478, -0.368391, +0.138171, -2.974880 
1539098005.886,   0.994,  -0.522,  -1.505, -0.366502, +0.124482, -2.983179 
1539098005.986,   0.995,  -0.537,  -1.537, -0.365256, +0.110916, -3.003581 
1539098006.086,   0.995,  -0.552,  -1.581, -0.364845, +0.097467, -3.032991 
1539098006.186,   0.995,  -0.565,  -1.623, -0.364445, +0.083533, -3.068836 
1539098006.286,   0.994,  -0.577,  -1.653, -0.364869, +0.070291, -3.099796 
1539098006.386,   0.993,  -0.588,  -1.671, -0.366099, +0.057256, -3.123656 
1539098006.486,   0.991,  -0.601,  -1.673, -0.366510, +0.044818, -3.136466 
1539098006.586,   0.990,  -0.616,  -1.672, -0.366589, +0.030078, -3.137720 
1539098006.686,   0.988,  -0.632,  -1.661, -0.366924, +0.015571, -3.137099 
1539098006.785,   0.987,  -0.647,  -1.648, -0.366837, -0.004091, -3.124693 
1539098006.885,   0.986,  -0.660,  -1.632, -0.366959, -0.018352, -3.111703 
1539098006.995,   0.985,  -0.674,  -1.621, -0.366367, -0.033098, -3.101405 
1539098007.095,   0.985,  -0.689,  -1.617, -0.364894, -0.046810, -3.090273 
1539098007.195,   0.984,  -0.704,  -1.600, -0.365097, -0.062075, -3.087946 
1539098007.295,   0.984,  -0.718,  -1.569, -0.364345, -0.076925, -3.072022 
1539098007.394,   0.984,  -0.733,  -1.530, -0.363289, -0.091799, -3.043200 
1539098007.494,   0.985,  -0.749,  -1.486, -0.360742, -0.106808, -3.003855 
1539098007.604,   0.987,  -0.767,  -1.442, -0.358036, -0.122371, -2.966625 
1539098007.704,   0.989,  -0.780,  -1.412, -0.354759, -0.136954, -2.939427 
1539098007.804,   0.991,  -0.792,  -1.403, -0.351290, -0.149982, -2.921192 
1539098007.904,   0.993,  -0.803,  -1.408, -0.348928, -0.161687, -2.919497 
1539098008.004,   0.995,  -0.816,  -1.432, -0.346836, -0.172539, -2.928865 
1539098008.103,   0.996,  -0.827,  -1.477, -0.344977, -0.181537, -2.949577 
1539098008.203,   0.996,  -0.828,  -1.499, -0.344401, -0.188784, -2.996045 
1539098008.313,   0.996,  -0.829,  -1.494, -0.344271, -0.191814, -3.000130 
1539098008.413,   0.996,  -0.828,  -1.498, -0.344100, -0.193187, -3.004433 
1539098008.513,   0.996,  -0.828,  -1.498, -0.344193, -0.192371, -2.999985 
1539098008.613,   0.996,  -0.828,  -1.503, -0.344468, -0.190095, -2.998050 
1539098008.713,   0.996,  -0.818,  -1.532, -0.345299, -0.185732, -3.004948 
1539098008.812,   0.995,  -0.801,  -1.557, -0.347250, -0.177506, -3.031734 
1539098008.912,   0.995,  -0.788,  -1.574, -0.348810, -0.167608, -3.053761 
1539098009.022,   0.995,  -0.787,  -1.582, -0.349890, -0.158574, -3.068979 
1539098009.122,   0.995,  -0.787,  -1.580, -0.349426, -0.153728, -3.070246 
1539098009.222,   0.995,  -0.780,  -1.569, -0.350189, -0.149607, -3.071871 
1539098009.322,   0.995,  -0.768,  -1.553, -0.349641, -0.142819, -3.050959 
1539098009.422,   0.995,  -0.764,  -1.541, -0.349503, -0.138153, -3.041449 
1539098009.521,   0.995,  -0.765,  -1.540, -0.349496, -0.137587, -3.037547 
1539098009.621,   0.995,  -0.765,  -1.542, -0.349287, -0.139519, -3.035882 
1539098009.721,   0.995,  -0.777,  -1.559, -0.349872, -0.146115, -3.047306 
1539098009.831,   0.995,  -0.797,  -1.587, -0.348998, -0.156661, -3.062843 
1539098009.931,   0.995,  -0.808,  -1.599, -0.349147, -0.167032, -3.082892 
1539098010.031,   0.995,  -0.810,  -1.599, -0.350145, -0.177053, -3.101506 
1539098010.131,   0.995,  -0.826,  -1.589, -0.348913, -0.186626, -3.091609 
1539098010.230,   0.994,  -0.844,  -1.590, -0.348205, -0.198541, -3.092368 
1539098010.330,   0.994,  -0.849,  -1.602, -0.347467, -0.208701, -3.098486 
1539098010.430,   0.994,  -0.850,  -1.597, -0.347406, -0.215684, -3.109513 
1539098010.530,   0.994,  -0.855,  -1.573, -0.346926, -0.221403, -3.105213 
1539098010.640,   0.994,  -0.870,  -1.579, -0.346745, -0.228999, -3.107371 
1539098010.740,   0.994,  -0.876,  -1.584, -0.346804, -0.234596, -3.108972 
1539098010.840,   0.994,  -0.874,  -1.569, -0.346376, -0.237544, -3.103175 
1539098010.939,   0.994,  -0.874,  -1.570, -0.347932, -0.238456, -3.108517 
1539098011.039,   0.994,  -0.873,  -1.570, -0.347396, -0.235145, -3.102247 
1539098011.149,   0.994,  -0.856,  -1.570, -0.346951, -0.228851, -3.101087 
1539098011.249,   0.994,  -0.839,  -1.579, -0.346920, -0.218611, -3.099725 
1539098011.349,   0.994,  -0.832,  -1.602, -0.348559, -0.208014, -3.115943 
1539098011.449,   0.994,  -0.830,  -1.620, -0.348698, -0.200130, -3.130511 
1539098011.549,   0.995,  -0.821,  -1.607, -0.348676, -0.192374, +3.139694 
1539098011.648,   0.995,  -0.807,  -1.590, -0.349517, -0.184734, -3.134368 
1539098011.748,   0.995,  -0.798,  -1.575, -0.347905, -0.176262, -3.114598 
1539098011.848,   0.995,  -0.798,  -1.571, -0.348645, -0.171810, -3.107500 
1539098011.948,   0.995,  -0.798,  -1.571, -0.347725, -0.168665, -3.101417 
1539098012.048,   0.995,  -0.798,  -1.571, -0.348314, -0.166300, -3.105088 
1539098012.148,   0.995,  -0.798,  -1.571, -0.347363, -0.165218, -3.098078 
1539098012.248,   0.995,  -0.798,  -1.571, -0.347168, -0.165033, -3.097749 
1539098012.348,   0.995,  -0.798,  -1.571, -0.347378, -0.164575, -3.097410 
1539098012.447,   0.995,  -0.798,  -1.571, -0.347310, -0.164377, -3.098272 
1539098012.547,   0.995,  -0.798,  -1.570, -0.347305, -0.164147, -3.097744 
1539098012.657,   0.995,  -0.798,  -1.570, -0.347723, -0.164114, -3.102191 
1539098012.757,   0.995,  -0.798,  -1.570, -0.347321, -0.163100, -3.096844 
1539098012.857,   0.995,  -0.795,  -1.558, -0.347566, -0.163219, -3.101102 
1539098012.957,   0.995,  -0.789,  -1.551, -0.347499, -0.161346, -3.091224 
1539098013.057,   0.995,  -0.789,  -1.542, -0.347601, -0.161748, -3.097783 
1539098013.156,   0.995,  -0.789,  -1.540, -0.347152, -0.163466, -3.086288 
1539098013.266,   0.995,  -0.799,  -1.563, -0.347517, -0.169383, -3.090467 
1539098013.366,   0.995,  -0.818,  -1.592, -0.348288, -0.181026, -3.117826 
1539098013.466,   0.994,  -0.837,  -1.627, -0.348350, -0.193286, +3.139317 
1539098013.566,   0.993,  -0.851,  -1.655, -0.349505, -0.206573, +3.107372 
1539098013.666,   0.993,  -0.858,  -1.667, -0.350754, -0.218410, +3.090405 
1539098013.766,   0.992,  -0.866,  -1.668, -0.351830, -0.229002, +3.089011 
1539098013.875,   0.991,  -0.883,  -1.652, -0.352189, -0.240183, +3.098010 
1539098013.975,   0.989,  -0.898,  -1.643, -0.352428, -0.251513, +3.108489 
1539098014.075,   0.989,  -0.903,  -1.609, -0.353020, -0.260850, +3.114657 
1539098014.175,   0.989,  -0.903,  -1.610, -0.353343, -0.265957, +3.132900 
1539098014.275,   0.989,  -0.903,  -1.610, -0.353241, -0.268610, +3.133502 
1539098014.375,   0.989,  -0.903,  -1.609, -0.353786, -0.268903, +3.133455 
1539098014.474,   0.989,  -0.903,  -1.610, -0.353317, -0.268061, +3.130555 
1539098014.574,   0.989,  -0.903,  -1.610, -0.353110, -0.264688, +3.133948 
1539098014.674,   0.989,  -0.891,  -1.589, -0.352716, -0.259397, +3.136317 
1539098014.774,   0.989,  -0.873,  -1.558, -0.352341, -0.249107, -3.125768 
1539098014.884,   0.989,  -0.856,  -1.537, -0.351552, -0.238190, -3.101585 
1539098014.984,   0.989,  -0.855,  -1.541, -0.352299, -0.226329, -3.097689 
1539098015.084,   0.989,  -0.843,  -1.551, -0.352159, -0.217029, -3.097746 
1539098015.184,   0.988,  -0.822,  -1.574, -0.353296, -0.205811, -3.110295 
1539098015.283,   0.989,  -0.817,  -1.612, -0.354369, -0.195091, -3.128851 
1539098015.383,   0.989,  -0.817,  -1.607, -0.354522, -0.186814, +3.131548 
1539098015.483,   0.989,  -0.813,  -1.603, -0.353781, -0.181597, +3.131089 
1539098015.583,   0.989,  -0.801,  -1.588, -0.353773, -0.176083, -3.137828 
1539098015.683,   0.989,  -0.791,  -1.570, -0.353288, -0.169457, -3.127834 
1539098015.793,   0.989,  -0.791,  -1.566, -0.354258, -0.164029, -3.112977 
1539098015.892,   0.989,  -0.791,  -1.566, -0.352647, -0.162862, -3.113894 
1539098015.992,   0.989,  -0.791,  -1.566, -0.353242, -0.164562, -3.117487 
1539098016.092,   0.989,  -0.798,  -1.567, -0.353675, -0.168975, -3.119614 
1539098016.192,   0.989,  -0.813,  -1.565, -0.353379, -0.177562, -3.115172 
1539098016.292,   0.989,  -0.829,  -1.567, -0.351970, -0.186833, -3.108836 
1539098016.402,   0.989,  -0.835,  -1.563, -0.352457, -0.196290, -3.120256 
1539098016.501,   0.989,  -0.837,  -1.546, -0.353039, -0.203460, -3.123483 
1539098016.601,   0.990,  -0.844,  -1.541, -0.352888, -0.210164, -3.115738 
1539098016.701,   0.990,  -0.859,  -1.563, -0.352412, -0.217333, -3.117685 
1539098016.801,   0.990,  -0.866,  -1.583, -0.352216, -0.224425, -3.136348 
1539098016.901,   0.990,  -0.865,  -1.582, -0.352400, -0.228909, +3.133501 
1539098017.011,   0.990,  -0.865,  -1.584, -0.352466, -0.228682, +3.133255 
1539098017.111,   0.990,  -0.864,  -1.575, -0.352452, -0.226674, +3.133043 
1539098017.211,   0.990,  -0.853,  -1.556, -0.351945, -0.221415, -3.138007 
1539098017.310,   0.990,  -0.839,  -1.545, -0.351724, -0.212371, -3.122824 
1539098017.410,   0.989,  -0.824,  -1.551, -0.352037, -0.200833, -3.118761 
1539098017.510,   0.989,  -0.811,  -1.561, -0.352306, -0.189129, -3.125701 
1539098017.610,   0.989,  -0.799,  -1.572, -0.352248, -0.177476, -3.134320 
1539098017.710,   0.989,  -0.788,  -1.584, -0.352622, -0.166933, +3.139598 
1539098017.820,   0.989,  -0.777,  -1.583, -0.352435, -0.157445, +3.132516 
1539098017.920,   0.989,  -0.777,  -1.573, -0.352005, -0.150685, +3.130347 
1539098018.019,   0.989,  -0.777,  -1.573, -0.351706, -0.147163, +3.140679 
1539098018.119,   0.989,  -0.777,  -1.573, -0.351585, -0.144579, +3.137725 
1539098018.219,   0.989,  -0.776,  -1.572, -0.351242, -0.143076, +3.140182 
1539098018.319,   0.989,  -0.771,  -1.569, -0.351631, -0.141015, +3.141486 
1539098018.419,   0.989,  -0.765,  -1.559, -0.351098, -0.138514, -3.133851 
1539098018.519,   0.989,  -0.763,  -1.550, -0.350838, -0.136242, -3.126794 
1539098018.619,   0.989,  -0.764,  -1.559, -0.350774, -0.137665, -3.123640 
1539098018.728,   0.989,  -0.768,  -1.550, -0.351801, -0.139861, -3.134346 
1539098018.829,   0.990,  -0.785,  -1.546, -0.351124, -0.151264, -3.122550 
1539098018.928,   0.990,  -0.803,  -1.549, -0.350539, -0.162227, -3.115587 
1539098019.028,   0.990,  -0.819,  -1.552, -0.350134, -0.175599, -3.116433 
1539098019.128,   0.990,  -0.824,  -1.561, -0.350717, -0.186709, -3.131862 
1539098019.228,   0.990,  -0.831,  -1.566, -0.351566, -0.195854, -3.140330 
1539098019.328,   0.991,  -0.845,  -1.574, -0.351685, -0.206273, +3.139981 
1539098019.428,   0.990,  -0.861,  -1.601, -0.351837, -0.216309, +3.128709 
1539098019.528,   0.990,  -0.866,  -1.608, -0.352360, -0.224636, +3.096858 
1539098019.627,   0.990,  -0.866,  -1.606, -0.353160, -0.229788, +3.096752 
1539098019.737,   0.990,  -0.866,  -1.606, -0.353450, -0.231734, +3.098391 
1539098019.837,   0.990,  -0.866,  -1.606, -0.353326, -0.233691, +3.098416 
1539098019.937,   0.990,  -0.866,  -1.606, -0.353630, -0.233537, +3.094968 
1539098020.037,   0.990,  -0.866,  -1.602, -0.353215, -0.232260, +3.097187 
1539098020.137,   0.990,  -0.865,  -1.610, -0.352472, -0.230351, +3.089812 
1539098020.236,   0.990,  -0.864,  -1.606, -0.352385, -0.226668, +3.096749 
1539098020.336,   0.990,  -0.854,  -1.566, -0.352056, -0.220162, +3.108864 
1539098020.436,   0.990,  -0.841,  -1.546, -0.351086, -0.211971, +3.139712 
1539098020.536,   0.990,  -0.831,  -1.551, -0.350766, -0.203848, -3.132824 
1539098020.636,   0.990,  -0.823,  -1.560, -0.351437, -0.195930, -3.141292 
1539098020.746,   0.990,  -0.817,  -1.574, -0.351086, -0.190363, +3.135238 
1539098020.845,   0.990,  -0.819,  -1.575, -0.351220, -0.190437, +3.127092 
1539098020.945,   0.990,  -0.844,  -1.561, -0.352150, -0.200621, +3.127966 
1539098021.045,   0.990,  -0.875,  -1.555, -0.351615, -0.221576, +3.137998 
1539098021.145,   0.991,  -0.906,  -1.563, -0.352395, -0.249566, +3.137897 
1539098021.245,   0.991,  -0.942,  -1.568, -0.354170, -0.279819, +3.131745 
1539098021.345,   0.991,  -0.971,  -1.567, -0.355031, -0.308399, +3.130269 
1539098021.454,   0.991,  -0.981,  -1.527, -0.356810, -0.330920, +3.139823 
1539098021.554,   0.992,  -0.991,  -1.508, -0.356443, -0.345792, -3.118597 
1539098021.654,   0.993,  -1.004,  -1.504, -0.357124, -0.357273, -3.093322 
1539098021.754,   0.993,  -1.008,  -1.523, -0.357188, -0.365043, -3.085725 
1539098021.854,   0.993,  -1.008,  -1.518, -0.356955, -0.367213, -3.101206 
1539098021.954,   0.993,  -0.996,  -1.599, -0.357551, -0.360949, -3.119016 
1539098022.054,   0.995,  -0.976,  -1.729, -0.358130, -0.347031, +3.056225 
1539098022.164,   0.999,  -0.956,  -1.851, -0.356513, -0.330700, +2.956444 
1539098022.263,   1.006,  -0.936,  -1.943, -0.353281, -0.312252, +2.863596 
1539098022.363,   1.015,  -0.915,  -2.020, -0.347221, -0.293240, +2.796154 
1539098022.463,   1.026,  -0.894,  -2.084, -0.339925, -0.274287, +2.738667 
1539098022.563,   1.034,  -0.881,  -2.146, -0.332233, -0.257579, +2.693094 
1539098022.663,   1.037,  -0.877,  -2.197, -0.325730, -0.244977, +2.642399 
1539098022.763,   1.043,  -0.868,  -2.232, -0.320081, -0.234882, +2.596511 
1539098022.863,   1.055,  -0.854,  -2.255, -0.313083, -0.224750, +2.570361 
1539098022.962,   1.062,  -0.845,  -2.298, -0.306476, -0.215298, +2.560957 
1539098023.062,   1.062,  -0.845,  -2.305, -0.302158, -0.208973, +2.524485 
1539098023.162,   1.062,  -0.845,  -2.306, -0.300340, -0.206595, +2.519278 
1539098023.272,   1.062,  -0.845,  -2.306, -0.299270, -0.205636, +2.514163 
1539098023.372,   1.062,  -0.845,  -2.306, -0.299459, -0.205308, +2.512592 
1539098023.472,   1.062,  -0.845,  -2.309, -0.300690, -0.206953, +2.518125 
1539098023.572,   1.059,  -0.848,  -2.351, -0.302636, -0.209558, +2.523808 
1539098023.671,   1.051,  -0.856,  -2.460, -0.308046, -0.213553, +2.463641 
1539098023.771,   1.041,  -0.863,  -2.583, -0.316300, -0.215528, +2.347751 
1539098023.871,   1.030,  -0.868,  -2.701, -0.327866, -0.218399, +2.197433 
1539098023.971,   1.019,  -0.873,  -2.821, -0.339806, -0.220695, +2.075715 
1539098024.071,   1.006,  -0.876,  -2.946, -0.351726, -0.221772, +1.934794 
1539098024.171,   0.988,  -0.879,  -3.053, -0.365866, -0.221475, +1.800837 
1539098024.270,   0.969,  -0.880,   3.140, -0.379502, -0.221414, +1.680337 
1539098024.380,   0.966,  -0.880,   3.108, -0.390508, -0.220509, +1.580154 
1539098024.480,   0.965,  -0.880,   3.126, -0.396775, -0.220026, +1.567965 
1539098024.580,   0.964,  -0.880,   3.121, -0.403059, -0.220333, +1.581161 
1539098024.680,   0.955,  -0.880,  -3.123, -0.411949, -0.220341, +1.595417 
1539098024.780,   0.939,  -0.880,  -3.063, -0.418420, -0.222719, +1.674934 
1539098024.880,   0.924,  -0.882,  -3.002, -0.431846, -0.225691, +1.719353 
1539098024.980,   0.912,  -0.884,  -2.952, -0.444228, -0.227019, +1.771906 
1539098025.079,   0.903,  -0.886,  -2.928, -0.455885, -0.230228, +1.824229 
1539098025.189,   0.897,  -0.887,  -2.926, -0.465063, -0.232837, +1.836825 
1539098025.289,   0.887,  -0.889,  -2.964, -0.476030, -0.235046, +1.857414 
1539098025.389,   0.870,  -0.892,  -3.016, -0.487197, -0.235948, +1.801934 
1539098025.489,   0.852,  -0.894,  -3.068, -0.502537, -0.236375, +1.720745 
1539098025.589,   0.836,  -0.894,  -3.117, -0.523309, -0.236347, +1.645373 
1539098025.689,   0.821,  -0.895,   3.122, -0.538673, -0.235813, +1.594698 
1539098025.788,   0.808,  -0.894,   3.090, -0.553387, -0.234968, +1.542090 
1539098025.888,   0.793,  -0.893,   3.074, -0.569062, -0.233447, +1.518999 
1539098025.988,   0.775,  -0.892,   3.078, -0.584921, -0.232371, +1.505285 
1539098026.088,   0.758,  -0.891,   3.106, -0.602551, -0.231237, +1.529826 
1539098026.198,   0.738,  -0.891,  -3.139, -0.619390, -0.231615, +1.563929 
1539098026.298,   0.721,  -0.891,  -3.107, -0.636730, -0.232400, +1.609624 
1539098026.397,   0.705,  -0.892,  -3.088, -0.653131, -0.233715, +1.636514 
1539098026.497,   0.691,  -0.893,  -3.065, -0.668079, -0.234852, +1.656500 
1539098026.597,   0.680,  -0.894,  -3.039, -0.682042, -0.236188, +1.677402 
1539098026.697,   0.670,  -0.895,  -3.005, -0.695117, -0.238221, +1.713074 
1539098026.797,   0.657,  -0.897,  -2.987, -0.708718, -0.240516, +1.741022 
1539098026.897,   0.642,  -0.899,  -2.986, -0.724775, -0.242284, +1.761737 
1539098026.997,   0.625,  -0.902,  -3.001, -0.737114, -0.245957, +1.796413 
1539098027.097,   0.609,  -0.904,  -3.012, -0.752896, -0.247150, +1.762671 
1539098027.196,   0.594,  -0.906,  -3.027, -0.767084, -0.249006, +1.753753 
1539098027.296,   0.581,  -0.907,  -3.037, -0.782304, -0.249920, +1.729731 
1539098027.406,   0.568,  -0.908,  -3.058, -0.796119, -0.250997, +1.712829 
1539098027.506,   0.555,  -0.909,  -3.063, -0.809650, -0.251873, +1.691797 
1539098027.606,   0.539,  -0.911,  -3.063, -0.823713, -0.252951, +1.695012 
1539098027.706,   0.523,  -0.912,  -3.060, -0.840052, -0.253336, +1.667297 
1539098027.806,   0.508,  -0.913,  -3.045, -0.855206, -0.254363, +1.696176 
1539098027.905,   0.495,  -0.915,  -3.024, -0.867723, -0.256238, +1.720399 
1539098028.005,   0.484,  -0.916,  -3.013, -0.883020, -0.257990, +1.724546 
1539098028.115,   0.473,  -0.918,  -3.001, -0.892458, -0.259837, +1.747857 
1539098028.215,   0.464,  -0.919,  -2.988, -0.903513, -0.261935, +1.773283 
1539098028.315,   0.452,  -0.921,  -2.981, -0.915438, -0.263347, +1.779557 
1539098028.415,   0.437,  -0.923,  -3.002, -0.928151, -0.265869, +1.791463 
1539098028.525,   0.422,  -0.925,  -3.026, -0.941892, -0.267044, +1.754059 
1539098028.624,   0.410,  -0.926,  -3.049, -0.954861, -0.268693, +1.742026 
1539098028.724,   0.399,  -0.927,  -3.070, -0.967665, -0.269512, +1.714119 
1539098028.824,   0.385,  -0.928,  -3.072, -0.985032, -0.270254, +1.691243 
1539098028.934,   0.368,  -0.929,  -3.065, -0.999135, -0.271050, +1.688877 
1539098029.034,   0.354,  -0.930,  -3.059, -1.012776, -0.272475, +1.693628 
1539098029.134,   0.343,  -0.931,  -3.061, -1.026155, -0.274297, +1.714012 
1539098029.234,   0.331,  -0.932,  -3.062, -1.038976, -0.274892, +1.695989 
1539098029.333,   0.315,  -0.934,  -3.062, -1.054351, -0.275293, +1.686863 
1539098029.433,   0.296,  -0.935,  -3.035, -1.068015, -0.277243, +1.708842 
1539098029.533,   0.278,  -0.938,  -2.997, -1.081800, -0.279377, +1.737524 
1539098029.633,   0.273,  -0.938,  -2.962, -1.093200, -0.281007, +1.779703 
1539098029.733,   0.273,  -0.938,  -2.964, -1.099387, -0.282467, +1.803142 
1539098029.833,   0.273,  -0.938,  -2.964, -1.103147, -0.282879, +1.807209 
1539098029.933,   0.273,  -0.938,  -2.964, -1.107027, -0.282908, +1.804961 
1539098030.032,   0.266,  -0.940,  -2.937, -1.110960, -0.283650, +1.800576 
1539098030.142,   0.255,  -0.942,  -2.925, -1.112577, -0.284947, +1.824484 
1539098030.242,   0.255,  -0.942,  -2.913, -1.114971, -0.285576, +1.830655 
1539098030.342,   0.256,  -0.942,  -2.910, -1.113889, -0.285529, +1.843842 
1539098030.442,   0.266,  -0.939,  -2.907, -1.109428, -0.285348, +1.852586 
1539098030.542,   0.283,  -0.935,  -2.900, -1.101279, -0.283043, +1.847283 
1539098030.642,   0.295,  -0.932,  -2.883, -1.092388, -0.279425, +1.863081 
1539098030.741,   0.297,  -0.932,  -2.871, -1.020294, -0.273740, -1.486574 
1539098030.841,   0.299,  -0.931,  -2.869, -1.076719, -0.279350, +1.909524 
1539098030.941,   0.313,  -0.927,  -2.869, -1.069976, -0.277706, +1.908651 
1539098031.041,   0.325,  -0.924,  -2.862, -1.062890, -0.274777, +1.914805 
1539098031.141,   0.326,  -0.923,  -2.860, -1.058019, -0.274839, +1.919315 
1539098031.241,   0.327,  -0.923,  -2.859, -1.051575, -0.274049, +1.938902 
1539098031.351,   0.326,  -0.924,  -2.864, -1.051951, -0.273193, +1.908858 
1539098031.450,   0.326,  -0.924,  -2.863, -1.051602, -0.273892, +1.934277 
1539098031.550,   0.326,  -0.924,  -2.862, -1.054326, -0.274725, +1.934068 
1539098031.650,   0.316,  -0.926,  -2.873, -1.004522, -0.278509, -1.252985 
1539098031.750,   0.300,  -0.931,  -2.889, -1.012661, -0.281402, -1.251552 
1539098031.850,   0.285,  -0.934,  -2.890, -1.081212, -0.279148, +1.880858 
1539098031.950,   0.281,  -0.936,  -2.894, -1.034563, -0.286458, -1.258357 
1539098032.049,   0.278,  -0.936,  -2.902, -1.100921, -0.285287, +1.896856 
1539098032.149,   0.259,  -0.941,  -2.922, -1.108192, -0.285423, +1.863671 
1539098032.249,   0.245,  -0.944,  -2.934, -1.054290, -0.280864, -1.448065 
1539098032.349,   0.246,  -0.944,  -2.937, -1.071132, -0.295370, -1.289079 
1539098032.459,   0.246,  -0.944,  -2.936, -1.071134, -0.284529, -1.510332 
1539098032.559,   0.236,  -0.946,  -2.935, -1.139835, -0.291829, +1.847529 
1539098032.659,   0.222,  -0.949,  -2.941, -1.079447, -0.290123, -1.404120 
1539098032.758,   0.220,  -0.949,  -2.941, -1.151139, -0.295041, +1.837436 
1539098032.858,   0.219,  -0.949,  -2.943, -1.154029, -0.296341, +1.858722 
1539098032.958,   0.219,  -0.949,  -2.943, -1.154428, -0.294756, +1.817892 
1539098033.058,   0.220,  -0.949,  -2.941, -1.124271, -0.300894, -2.342396 
1539098033.158,   0.229,  -0.947,  -2.923, -1.147718, -0.294315, +1.847570 
1539098033.258,   0.243,  -0.944,  -2.901, -1.142175, -0.292647, +1.857172 
1539098033.358,   0.252,  -0.941,  -2.886, -1.133394, -0.291198, +1.878033 
1539098033.467,   0.256,  -0.940,  -2.859, -1.071600, -0.293530, -1.236132 
1539098033.567,   0.257,  -0.940,  -2.855, -1.098477, -0.302365, -2.497164 
1539098033.667,   0.257,  -0.940,  -2.860, -1.107943, -0.283615, -2.000420 
1539098033.767,   0.259,  -0.940,  -2.869, -1.062033, -0.290198, -1.211982 
1539098033.877,   0.269,  -0.937,  -2.876, -1.058592, -0.289910, -1.227108 
1539098033.977,   0.276,  -0.935,  -2.869, -1.096033, -0.280453, -1.961186 
1539098034.077,   0.275,  -0.935,  -2.863, -1.084841, -0.305929, -2.563856 
1539098034.177,   0.274,  -0.935,  -2.864, -1.054346, -0.269171, -2.502132 
1539098034.276,   0.266,  -0.938,  -2.873, -1.049709, -0.279323, -1.449480 
1539098034.376,   0.244,  -0.943,  -2.895, -1.099349, -0.307497, -2.427766 
1539098034.486,   0.217,  -0.950,  -2.931, -1.075248, -0.290394, -1.419932 
1539098034.586,   0.180,  -0.957,  -2.962, -1.114886, -0.306512, -1.301989 
1539098034.686,   0.135,  -0.965,  -2.984, -1.206751, -0.305920, +1.810512 
1539098034.786,   0.098,  -0.970,  -2.995, -1.241024, -0.313330, +1.778115 
1539098034.886,   0.082,  -0.973,  -2.974, -1.274061, -0.317588, +1.773250 
1539098034.985,   0.065,  -0.976,  -2.940, -1.295682, -0.321951, +1.799285 
1539098035.085,   0.043,  -0.981,  -2.918, -1.255108, -0.313475, -2.636867 
1539098035.185,   0.034,  -0.983,  -2.896, -1.263371, -0.323223, -1.390703 
1539098035.285,   0.035,  -0.983,  -2.891, -1.271556, -0.324250, -1.415654 
1539098035.385,   0.035,  -0.983,  -2.891, -1.326350, -0.328413, -1.975668 
1539098035.495,   0.045,  -0.980,  -2.912, -1.332532, -0.330226, +1.856699 
1539098035.595,   0.066,  -0.975,  -2.926, -1.246458, -0.327496, -0.842942 
1539098035.694,   0.082,  -0.972,  -2.925, -1.252221, -0.311787, -1.230084 
1539098035.795,   0.100,  -0.968,  -2.921, -1.222473, -0.315320, -1.464441 
1539098035.894,   0.122,  -0.963,  -2.913, -1.205885, -0.308412, -1.557554 
1539098035.994,   0.146,  -0.957,  -2.895, -1.195536, -0.299113, -1.291681 
1539098036.094,   0.169,  -0.951,  -2.877, -1.164111, -0.299876, -1.570649 
1539098036.204,   0.190,  -0.945,  -2.861, -1.151230, -0.305700, -1.233975 
1539098036.303,   0.205,  -0.941,  -2.844, -1.164268, -0.306507, -2.331535 
1539098036.403,   0.216,  -0.937,  -2.826, -1.181083, -0.284136, +1.919409 
1539098036.503,   0.221,  -0.935,  -2.801, -1.101510, -0.279620, -1.573319 
1539098036.603,   0.229,  -0.933,  -2.787, -1.126951, -0.292648, -2.421230 
1539098036.703,   0.241,  -0.928,  -2.784, -1.145343, -0.285903, +2.016710 
1539098036.803,   0.253,  -0.924,  -2.780, -1.135811, -0.282729, +2.025285 
1539098036.903,   0.260,  -0.921,  -2.758, -1.129539, -0.279569, +2.014068 
1539098037.002,   0.263,  -0.920,  -2.727, -1.122272, -0.278933, +2.068552 
1539098037.102,   0.264,  -0.919,  -2.723, -1.119867, -0.277800, +2.068661 
1539098037.202,   0.264,  -0.919,  -2.723, -1.118263, -0.278825, +2.109593 
1539098037.312,   0.262,  -0.920,  -2.709, -1.065372, -0.273213, -1.072597 
1539098037.412,   0.249,  -0.926,  -2.755, -1.069623, -0.276052, -1.058645 
1539098037.512,   0.223,  -0.935,  -2.828, -1.140980, -0.284701, +2.034038 
1539098037.612,   0.196,  -0.943,  -2.899, -1.094240, -0.282101, -1.516369 
1539098037.711,   0.168,  -0.949,  -2.967, -1.122494, -0.290876, -1.486770 
1539098037.811,   0.133,  -0.954,  -3.009, -1.154501, -0.298455, -1.438479 
1539098037.911,   0.086,  -0.960,  -3.008, -1.191993, -0.305066, -1.418921 
1539098038.011,   0.041,  -0.967,  -2.986, -1.281364, -0.339609, -2.743001 
1539098038.121,   0.019,  -0.971,  -2.915, -1.327984, -0.318826, +1.807541 
1539098038.221,   0.003,  -0.975,  -2.853, -1.344078, -0.320464, -1.977373 
1539098038.321,  -0.014,  -0.981,  -2.816, -1.308560, -0.314809, -1.611380 
1539098038.420,  -0.017,  -0.982,  -2.806, -1.374099, -0.330145, -2.139949 
1539098038.520,  -0.017,  -0.982,  -2.813, -1.322416, -0.320086, -1.491043 
1539098038.620,  -0.002,  -0.977,  -2.890, -1.318226, -0.312570, -1.880506 
1539098038.720,   0.020,  -0.973,  -3.003, -1.363739, -0.327282, +1.840836 
1539098038.830,   0.041,  -0.971,  -3.124, -1.333213, -0.319436, -1.718954 
1539098038.930,   0.069,  -0.972,   3.069, -1.323761, -0.319163, +1.585875 
1539098039.030,   0.098,  -0.975,   2.985, -1.235797, -0.331240, -1.244695 
1539098039.130,   0.126,  -0.981,   2.913, -1.195404, -0.361273, -0.915785 
1539098039.229,   0.145,  -0.986,   2.849, -1.199094, -0.332003, -1.028438 
1539098039.330,   0.155,  -0.989,   2.795, -1.179872, -0.339498, -0.980022 
1539098039.429,   0.171,  -0.995,   2.754, -1.156792, -0.356168, -1.042578 
1539098039.529,   0.191,  -1.004,   2.720, -1.173018, -0.353529, -1.556854 
1539098039.629,   0.207,  -1.011,   2.677, -1.140944, -0.377402, -1.993931 
1539098039.729,   0.211,  -1.014,   2.644, -1.130157, -0.383055, -2.032063 
1539098039.829,   0.213,  -1.015,   2.624, -1.163736, -0.347812, +1.082466 
1539098039.938,   0.217,  -1.017,   2.586, -1.157972, -0.349474, +1.058892 
1539098040.038,   0.228,  -1.025,   2.519, -1.151063, -0.351789, +0.993110 
1539098040.138,   0.237,  -1.031,   2.429, -1.143698, -0.353873, +0.906073 
1539098040.238,   0.238,  -1.032,   2.409, -1.138772, -0.354383, +0.810238 
1539098040.338,   0.235,  -1.029,   2.372, -1.139482, -0.353618, +0.803922 
1539098040.438,   0.227,  -1.021,   2.254, -1.141831, -0.348454, +0.735487 
1539098040.537,   0.219,  -1.009,   2.115, -1.144545, -0.339047, +0.617518 
1539098040.637,   0.212,  -0.996,   1.973, -1.148975, -0.325716, +0.498508 
1539098040.737,   0.206,  -0.977,   1.848, -1.152244, -0.311643, +0.378306 
1539098040.837,   0.201,  -0.957,   1.740, -1.155727, -0.295967, +0.281529 
1539098040.947,   0.199,  -0.942,   1.662, -1.157289, -0.281522, +0.201622 
1539098041.047,   0.199,  -0.937,   1.634, -1.158059, -0.270089, +0.142257 
1539098041.147,   0.199,  -0.931,   1.623, -1.159369, -0.261508, +0.128728 
1539098041.246,   0.198,  -0.923,   1.609, -1.159697, -0.255123, +0.116980 
1539098041.346,   0.198,  -0.916,   1.613, -1.160787, -0.247251, +0.108852 
1539098041.456,   0.198,  -0.915,   1.635, -1.161801, -0.241574, +0.112708 
1539098041.556,   0.198,  -0.914,   1.639, -1.162236, -0.237850, +0.125217 
1539098041.656,   0.198,  -0.911,   1.653, -1.162893, -0.233084, +0.125715 
1539098041.756,   0.196,  -0.898,   1.690, -1.165873, -0.225244, +0.149933 
1539098041.856,   0.195,  -0.886,   1.730, -1.169001, -0.213794, +0.197146 
1539098041.955,   0.193,  -0.877,   1.756, -1.171373, -0.204651, +0.218518 
1539098042.055,   0.192,  -0.871,   1.757, -1.175012, -0.194685, +0.235244 
1539098042.165,   0.189,  -0.858,   1.739, -1.177007, -0.185217, +0.217467 
1539098042.265,   0.188,  -0.846,   1.704, -1.180356, -0.173795, +0.207990 
1539098042.365,   0.187,  -0.838,   1.659, -1.181051, -0.164695, +0.161500 
1539098042.465,   0.186,  -0.829,   1.645, -1.181247, -0.156187, +0.126872 
1539098042.565,   0.185,  -0.818,   1.670, -1.182589, -0.145479, +0.125002 
1539098042.664,   0.184,  -0.809,   1.720, -1.186560, -0.135119, +0.162182 
1539098042.764,   0.182,  -0.800,   1.792, -1.189458, -0.127698, +0.208307 
1539098042.864,   0.180,  -0.792,   1.883, -1.193687, -0.119440, +0.275296 
1539098042.964,   0.176,  -0.781,   1.961, -1.199676, -0.111248, +0.355675 
1539098043.064,   0.171,  -0.770,   2.032, -1.204886, -0.102036, +0.422106 
1539098043.174,   0.166,  -0.762,   2.120, -1.211101, -0.094353, +0.500813 
1539098043.274,   0.164,  -0.758,   2.160, -1.216791, -0.088628, +0.572595 
1539098043.373,   0.164,  -0.757,   2.160, -1.221037, -0.083533, +0.602211 
1539098043.473,   0.160,  -0.752,   2.129, -1.205600, -0.133222, -2.523216 
1539098043.573,   0.155,  -0.742,   2.075, -1.210033, -0.127659, -2.583142 
1539098043.673,   0.152,  -0.737,   2.023, -1.228655, -0.065273, +0.502871 
1539098043.773,   0.150,  -0.734,   1.987, -1.230711, -0.058260, +0.460837 
1539098043.873,   0.148,  -0.728,   1.929, -1.233944, -0.051936, +0.417390 
1539098043.973,   0.143,  -0.710,   1.831, -1.236200, -0.041620, +0.342235 
1539098044.072,   0.138,  -0.692,   1.745, -1.239064, -0.027696, +0.265477 
1539098044.182,   0.136,  -0.673,   1.684, -1.240665, -0.011812, +0.200463 
1539098044.282,   0.135,  -0.663,   1.655, -1.242807, +0.004123, +0.155008 
1539098044.382,   0.133,  -0.646,   1.657, -1.276321, -0.015196, +1.439683 
1539098044.482,   0.131,  -0.619,   1.693, -1.215899, -0.011018, +1.757419 
1539098044.582,   0.127,  -0.592,   1.747, -1.253238, +0.062677, +0.189528 
1539098044.682,   0.122,  -0.570,   1.804, -1.258258, +0.085204, +0.239765 
1539098044.781,   0.119,  -0.558,   1.842, -1.266073, +0.105691, +0.281342 
1539098044.881,   0.113,  -0.538,   1.841, -1.272380, +0.124690, +0.301642 
1539098044.981,   0.106,  -0.511,   1.814, -1.281038, +0.146481, +0.294499 
1539098045.081,   0.100,  -0.484,   1.786, -1.288247, +0.112374, -2.866533 
1539098045.191,   0.096,  -0.464,   1.760, -1.293370, +0.191755, +0.254499 
1539098045.291,   0.093,  -0.449,   1.742, -1.297893, +0.212691, +0.234587 
1539098045.390,   0.089,  -0.422,   1.732, -1.303434, +0.233644, +0.220439 
1539098045.490,   0.084,  -0.392,   1.732, -1.310565, +0.265944, +0.214761 
1539098045.590,   0.079,  -0.368,   1.763, -1.316849, +0.290343, +0.224522 
1539098045.690,   0.076,  -0.353,   1.797, -1.322616, +0.311951, +0.242491 
1539098045.790,   0.072,  -0.334,   1.811, -1.328156, +0.332099, +0.256413 
1539098045.890,   0.066,  -0.309,   1.807, -1.335185, +0.353999, +0.261511 
1539098046.000,   0.059,  -0.280,   1.789, -1.357264, +0.377390, +2.921877 
1539098046.100,   0.055,  -0.260,   1.768, -1.346892, +0.397534, +0.234533 
1539098046.199,   0.053,  -0.249,   1.737, -1.350597, +0.416986, +0.207459 
1539098046.299,   0.050,  -0.230,   1.708, -1.382173, +0.395675, +1.403781 
1539098046.399,   0.046,  -0.202,   1.694, -1.356806, +0.453300, +0.159888 
1539098046.499,   0.044,  -0.182,   1.700, -1.360358, +0.472300, +0.158758 
1539098046.599,   0.043,  -0.179,   1.724, -1.362843, +0.486060, +0.169454 
1539098046.709,   0.043,  -0.174,   1.745, -1.365042, +0.495762, +0.177552 
1539098046.809,   0.040,  -0.160,   1.760, -1.365621, +0.505160, +0.192391 
1539098046.908,   0.038,  -0.150,   1.782, -1.368639, +0.511667, +0.216961 
1539098047.008,   0.038,  -0.151,   1.785, -1.370874, +0.515987, +0.235129 
1539098047.108,   0.038,  -0.151,   1.786, -1.367692, +0.513907, +0.203292 
1539098047.208,   0.041,  -0.161,   1.803, -1.369628, +0.510496, +0.248986 
1539098047.308,   0.045,  -0.179,   1.814, -1.352758, +0.448281, -0.260426 
1539098047.408,   0.049,  -0.194,   1.813, -1.366361, +0.433265, -2.899239 
1539098047.508,   0.052,  -0.207,   1.809, -1.359839, +0.477372, +0.242708 
1539098047.617,   0.054,  -0.217,   1.801, -1.356599, +0.465731, +0.240690 
1539098047.717,   0.056,  -0.227,   1.803, -1.350522, +0.455753, +0.216422 
1539098047.817,   0.059,  -0.238,   1.805, -1.347710, +0.445386, +0.219475 
1539098047.917,   0.062,  -0.251,   1.804, -1.344865, +0.434903, +0.221321 
1539098048.017,   0.065,  -0.263,   1.798, -1.345141, +0.424400, +0.234092 
1539098048.117,   0.065,  -0.265,   1.799, -1.342432, +0.416852, +0.224230 
1539098048.217,   0.065,  -0.265,   1.801, -1.341265, +0.412687, +0.226842 
1539098048.326,   0.065,  -0.265,   1.801, -1.341186, +0.410220, +0.227332 
1539098048.426,   0.065,  -0.265,   1.801, -1.340583, +0.409728, +0.225241 
1539098048.526,   0.065,  -0.265,   1.801, -1.341123, +0.409894, +0.227020 
1539098048.626,   0.065,  -0.264,   1.798, -1.340698, +0.411802, +0.226333 
1539098048.726,   0.065,  -0.264,   1.796, -1.341563, +0.414683, +0.226870 
1539098048.836,   0.063,  -0.255,   1.776, -1.343122, +0.420407, +0.218648 
1539098048.936,   0.060,  -0.239,   1.751, -1.344661, +0.429244, +0.198881 
1539098049.036,   0.058,  -0.224,   1.726, -1.346038, +0.440075, +0.179220 
1539098049.135,   0.057,  -0.219,   1.729, -1.348088, +0.449670, +0.165901 
1539098049.235,   0.056,  -0.213,   1.732, -1.349494, +0.457924, +0.169384 
1539098049.335,   0.054,  -0.203,   1.732, -1.349533, +0.466210, +0.154001 
1539098049.435,   0.052,  -0.189,   1.735, -1.352779, +0.475473, +0.168496 
1539098049.535,   0.050,  -0.180,   1.757, -1.354080, +0.484119, +0.175670 
1539098049.645,   0.050,  -0.178,   1.781, -1.356417, +0.490037, +0.192641 
1539098049.744,   0.050,  -0.178,   1.785, -1.357439, +0.494397, +0.193792 
1539098049.844,   0.050,  -0.178,   1.785, -1.356687, +0.495169, +0.189388 
1539098049.944,   0.050,  -0.178,   1.785, -1.357385, +0.496310, +0.188658 
1539098050.044,   0.050,  -0.178,   1.785, -1.357506, +0.496904, +0.184027 
1539098050.144,   0.050,  -0.178,   1.785, -1.357767, +0.496320, +0.191671 
1539098050.254,   0.050,  -0.178,   1.785, -1.356471, +0.495183, +0.191911 
1539098050.353,   0.050,  -0.179,   1.783, -1.357189, +0.494526, +0.195694 
1539098050.453,   0.050,  -0.179,   1.783, -1.355357, +0.492017, +0.195049 
1539098050.553,   0.051,  -0.183,   1.770, -1.356248, +0.488572, +0.204722 
1539098050.653,   0.055,  -0.199,   1.786, -1.348395, +0.415257, -0.162886 
1539098050.753,   0.058,  -0.213,   1.806, -1.352072, +0.470190, +0.211542 
1539098050.853,   0.061,  -0.224,   1.823, -1.351025, +0.460495, +0.214754 
1539098050.953,   0.063,  -0.233,   1.837, -1.348299, +0.451208, +0.235278 
1539098051.053,   0.064,  -0.238,   1.847, -1.346226, +0.443312, +0.247081 
1539098051.152,   0.065,  -0.241,   1.848, -1.346210, +0.437397, +0.258480 
1539098051.252,   0.065,  -0.242,   1.846, -1.343205, +0.430584, +0.258515 
1539098051.362,   0.067,  -0.247,   1.832, -1.341200, +0.430512, +0.250181 
1539098051.462,   0.068,  -0.252,   1.823, -1.340840, +0.426001, +0.241867 
1539098051.562,   0.068,  -0.252,   1.825, -1.340523, +0.426223, +0.228249 
1539098051.662,   0.066,  -0.243,   1.816, -1.342021, +0.432659, +0.225642 
1539098051.762,   0.059,  -0.216,   1.791, -1.345350, +0.446189, +0.217588 
1539098051.861,   0.054,  -0.192,   1.761, -1.350930, +0.468618, +0.196148 
1539098051.961,   0.048,  -0.157,   1.754, -1.355776, +0.498525, +0.176882 
1539098052.061,   0.040,  -0.115,   1.767, -1.362625, +0.529768, +0.182754 
1539098052.161,   0.035,  -0.092,   1.797, -1.369081, +0.558739, +0.203376 
1539098052.261,   0.032,  -0.081,   1.844, -1.375093, +0.579060, +0.231366 
1539098052.362,   0.028,  -0.066,   1.869, -1.379054, +0.595464, +0.265732 
1539098052.470,   0.022,  -0.048,   1.892, -1.383282, +0.608362, +0.288983 
1539098052.570,   0.021,  -0.045,   1.901, -1.387890, +0.617073, +0.310729 
1539098052.670,   0.021,  -0.045,   1.901, -1.389124, +0.618748, +0.316418 
1539098052.770,   0.025,  -0.056,   1.878, -1.386306, +0.615210, +0.319413 
1539098052.870,   0.031,  -0.078,   1.848, -1.381416, +0.604092, +0.277904 
1539098052.970,   0.036,  -0.096,   1.828, -1.376671, +0.589331, +0.246467 
1539098053.070,   0.040,  -0.112,   1.819, -1.372290, +0.572951, +0.231686 
1539098053.169,   0.044,  -0.126,   1.820, -1.368688, +0.556441, +0.236038 
1539098053.269,   0.048,  -0.142,   1.825, -1.362953, +0.539864, +0.233850 
1539098053.369,   0.054,  -0.165,   1.833, -1.359903, +0.521513, +0.245147 
1539098053.469,   0.060,  -0.188,   1.838, -1.354594, +0.501983, +0.245779 
1539098053.569,   0.065,  -0.207,   1.850, -1.348875, +0.483988, +0.244039 
1539098053.679,   0.068,  -0.215,   1.864, -1.344701, +0.468439, +0.252269 
1539098053.779,   0.070,  -0.224,   1.883, -1.340676, +0.456445, +0.265507 
1539098053.879,   0.076,  -0.240,   1.884, -1.337498, +0.444288, +0.278383 
1539098053.978,   0.081,  -0.256,   1.883, -1.333192, +0.432321, +0.272793 
1539098054.078,   0.082,  -0.259,   1.863, -1.329469, +0.422184, +0.260166 
1539098054.178,   0.082,  -0.260,   1.874, -1.327637, +0.415647, +0.256721 
1539098054.288,   0.083,  -0.262,   1.877, -1.325211, +0.410830, +0.260617 
1539098054.388,   0.086,  -0.273,   1.870, -1.322801, +0.407195, +0.259573 
1539098054.488,   0.089,  -0.282,   1.861, -1.322185, +0.401450, +0.249147 
1539098054.587,   0.089,  -0.282,   1.864, -1.321084, +0.398036, +0.238682 
1539098054.687,   0.088,  -0.279,   1.873, -1.321433, +0.399630, +0.236960 
1539098054.787,   0.084,  -0.266,   1.865, -1.324889, +0.406685, +0.258495 
1539098054.887,   0.079,  -0.248,   1.842, -1.326088, +0.415815, +0.235969 
1539098054.987,   0.073,  -0.227,   1.811, -1.330083, +0.432207, +0.216783 
1539098055.087,   0.066,  -0.195,   1.796, -1.336093, +0.463326, +0.194730 
1539098055.197,   0.055,  -0.146,   1.797, -1.344160, +0.499326, +0.189096 
1539098055.297,   0.043,  -0.097,   1.805, -1.353961, +0.540883, +0.194928 
1539098055.397,   0.031,  -0.049,   1.823, -1.362931, +0.585507, +0.212355 
1539098055.496,   0.022,  -0.015,   1.856, -1.373108, +0.624614, +0.239142 
1539098055.596,   0.017,   0.001,   1.890, -1.380414, +0.653547, +0.262746 
1539098055.696,   0.012,   0.017,   1.926, -1.386845, +0.673803, +0.288076 
1539098055.796,   0.007,   0.029,   1.936, -1.391479, +0.687974, +0.314320 
1539098055.896,   0.007,   0.029,   1.940, -1.393850, +0.694070, +0.315034 
1539098055.995,   0.007,   0.028,   1.924, -1.393628, +0.693166, +0.317012 
1539098056.096,   0.013,   0.010,   1.782, -1.389905, +0.684499, +0.259698 
1539098056.195,   0.016,  -0.013,   1.621, -1.382534, +0.668477, +0.086727 
1539098056.295,   0.015,  -0.036,   1.469, -1.379958, +0.647271, -0.025217 
1539098056.395,   0.010,  -0.064,   1.347, -1.379438, +0.622602, -0.137637 
1539098056.495,   0.003,  -0.092,   1.252, -1.382904, +0.597688, -0.232327 
1539098056.595,  -0.007,  -0.117,   1.163, -1.389208, +0.572141, -0.291929 
1539098056.695,  -0.013,  -0.130,   1.104, -1.395506, +0.552480, -0.355691 
1539098056.794,  -0.017,  -0.138,   1.055, -1.401738, +0.536875, -0.407630 
1539098056.904,  -0.027,  -0.154,   1.050, -1.401738, +0.536875, -0.407630 
1539098057.004,  -0.036,  -0.170,   1.060, -1.401738, +0.536875, -0.407630 
1539098057.104,  -0.038,  -0.173,   1.060, -1.413100, +0.516306, -0.428546 
1539098057.204,  -0.038,  -0.174,   1.060, -1.424661, +0.496598, -0.410787 
1539098057.304,  -0.039,  -0.176,   1.050, -1.427036, +0.492216, -0.417843 
1539098057.404,  -0.043,  -0.182,   0.973, -1.429096, +0.487505, -0.446173 
1539098057.513,  -0.048,  -0.190,   0.881, -1.430816, +0.481288, -0.518431 
1539098057.613,  -0.053,  -0.195,   0.811, -1.432362, +0.475394, -0.583485 
1539098057.713,  -0.054,  -0.196,   0.796, -1.433440, +0.471398, -0.636663 
1539098057.813,  -0.053,  -0.195,   0.789, -1.432920, +0.471402, -0.645219 
1539098057.913,  -0.045,  -0.188,   0.683, -1.429015, +0.474297, -0.656186 
1539098058.013,  -0.033,  -0.179,   0.534, -1.419734, +0.476944, -0.784985 
1539098058.113,  -0.021,  -0.173,   0.397, -1.408994, +0.479010, -0.943943 
1539098058.213,  -0.009,  -0.169,   0.268, -1.397129, +0.480749, -1.090420 
1539098058.322,   0.007,  -0.166,   0.118, -1.379445, +0.481586, -1.249232 
1539098058.422,   0.028,  -0.165,  -0.001, -1.371093, +0.480655, -1.402354 
1539098058.522,   0.045,  -0.165,  -0.070, -1.355743, +0.479633, -1.533996 
1539098058.622,   0.048,  -0.166,  -0.080, -1.340599, +0.477997, -1.595081 
1539098058.722,   0.056,  -0.166,  -0.036, -1.330666, +0.477008, -1.614940 
1539098058.822,   0.076,  -0.166,   0.056, -1.317877, +0.478666, -1.548523 
1539098058.921,   0.096,  -0.164,   0.143, -1.296477, +0.482283, -1.407043 
1539098059.021,   0.106,  -0.162,   0.227, -1.280746, +0.485996, -1.297496 
1539098059.131,   0.116,  -0.159,   0.273, -1.265261, +0.490989, -1.204678 
1539098059.231,   0.133,  -0.155,   0.287, -1.299400, +0.478263, +1.799858 
1539098059.331,   0.154,  -0.148,   0.281, -1.234474, +0.500988, -1.173596 
1539098059.431,   0.175,  -0.143,   0.249, -1.217896, +0.504747, -1.208361 
1539098059.531,   0.185,  -0.140,   0.182, -1.200554, +0.509822, -1.262558 
1539098059.631,   0.194,  -0.139,   0.118, -1.243423, +0.519273, +1.808435 
1539098059.731,   0.216,  -0.137,   0.090, -1.223273, +0.503375, +1.979201 
1539098059.830,   0.240,  -0.135,   0.071, -1.208336, +0.526290, +1.717978 
1539098059.930,   0.252,  -0.134,   0.070, -1.191472, +0.528939, +1.700657 
1539098060.030,   0.261,  -0.133,   0.079, -1.121801, +0.515830, -1.455318 
1539098060.140,   0.285,  -0.131,   0.092, -1.103705, +0.517567, -1.424658 
1539098060.239,   0.308,  -0.129,   0.106, -1.140621, +0.533043, +1.721127 
1539098060.339,   0.320,  -0.128,   0.143, -1.068136, +0.522190, -1.401736 
1539098060.439,   0.331,  -0.126,   0.170, -1.107114, +0.535225, +1.783466 
1539098060.539,   0.350,  -0.122,   0.188, -1.032978, +0.529300, -1.318137 
1539098060.649,   0.376,  -0.117,   0.206, -1.032054, +0.511866, -0.121511 
1539098060.749,   0.394,  -0.113,   0.226, -0.997326, +0.535707, -1.290431 
1539098060.849,   0.405,  -0.111,   0.254, -1.035866, +0.544525, +1.887199 
1539098060.948,   0.420,  -0.107,   0.283, -0.963776, +0.542926, -1.223144 
1539098061.048,   0.441,  -0.100,   0.292, -0.947570, +0.546996, -1.220790 
1539098061.158,   0.463,  -0.094,   0.255, -0.919693, +0.555754, -1.221569 
1539098061.258,   0.473,  -0.091,   0.182, -0.905295, +0.559059, -1.281363 
1539098061.358,   0.486,  -0.090,   0.098, -0.890546, +0.560041, -1.376786 
1539098061.458,   0.510,  -0.088,   0.038, -0.872586, +0.560340, -1.464668 
1539098061.558,   0.531,  -0.088,  -0.007, -0.853291, +0.560523, -1.529920 
1539098061.657,   0.542,  -0.088,  -0.015, -0.890205, +0.579695, +1.567367 
1539098061.767,   0.557,  -0.088,   0.002, -0.822078, +0.559591, -1.567090 
1539098061.867,   0.579,  -0.088,   0.050, -0.804477, +0.561317, -1.513264 
1539098061.967,   0.601,  -0.086,   0.106, -0.785969, +0.562860, -1.456591 
1539098062.067,   0.614,  -0.084,   0.205, -0.769281, +0.565302, -1.401565 
1539098062.167,   0.623,  -0.082,   0.273, -0.753288, +0.569835, -1.274112 
1539098062.267,   0.635,  -0.078,   0.318, -0.740179, +0.573930, -1.209942 
1539098062.366,   0.654,  -0.071,   0.332, -0.722762, +0.580496, -1.182360 
1539098062.466,   0.671,  -0.066,   0.318, -0.710441, +0.583175, -1.186428 
1539098062.566,   0.680,  -0.063,   0.274, -0.694368, +0.587970, -1.218453 
1539098062.666,   0.689,  -0.061,   0.224, -0.683373, +0.589291, -1.247995 
1539098062.776,   0.706,  -0.057,   0.171, -0.670689, +0.590880, -1.315148 
1539098062.876,   0.725,  -0.054,   0.121, -0.654737, +0.592758, -1.360160 
1539098062.976,   0.743,  -0.053,   0.079, -0.638406, +0.592963, -1.436765 
1539098063.075,   0.755,  -0.052,   0.060, -0.685775, +0.598128, +1.760458 
1539098063.178,   0.766,  -0.051,   0.051, -0.630648, +0.577438, +2.695824 
1539098063.275,   0.781,  -0.050,   0.062, -0.593224, +0.595020, -1.510984 
1539098063.375,   0.802,  -0.049,   0.093, -0.576797, +0.596250, -1.484770 
1539098063.475,   0.824,  -0.046,   0.141, -0.557053, +0.598206, -1.444999 
1539098063.575,   0.847,  -0.042,   0.198, -0.538292, +0.600606, -1.363571 
1539098063.675,   0.860,  -0.039,   0.273, -0.521836, +0.604259, -1.313092 
1539098063.784,   0.866,  -0.037,   0.334, -0.538833, +0.595301, +1.343307 
1539098063.884,   0.871,  -0.035,   0.392, -0.502818, +0.610503, -1.190813 
1539098063.984,   0.876,  -0.033,   0.450, -0.496608, +0.613805, -1.132324 
1539098064.084,   0.877,  -0.032,   0.463, -0.493542, +0.616006, -1.072781 
1539098064.184,   0.877,  -0.033,   0.465, -0.492606, +0.616386, -1.058806 
1539098064.284,   0.876,  -0.033,   0.458, -0.495837, +0.614965, -1.068962 
1539098064.384,   0.862,  -0.039,   0.363, -0.502772, +0.611528, -1.101164 
1539098064.484,   0.842,  -0.046,   0.263, -0.514299, +0.606811, -1.205220 
1539098064.583,   0.824,  -0.050,   0.187, -0.580369, +0.587444, +1.337202 
1539098064.683,   0.808,  -0.052,   0.142, -0.542160, +0.595414, -1.405769 
1539098064.793,   0.796,  -0.054,   0.138, -0.557557, +0.594039, -1.417239 
1539098064.893,   0.792,  -0.055,   0.179, -0.568381, +0.593214, -1.413761 
1539098064.993,   0.785,  -0.056,   0.200, -0.576618, +0.593151, -1.361117 
1539098065.093,   0.776,  -0.058,   0.217, -0.587898, +0.591991, -1.340632 
1539098065.196,   0.765,  -0.060,   0.238, -0.590685, +0.594153, -1.293381 
1539098065.302,   0.755,  -0.063,   0.245, -0.601211, +0.588259, -1.326271 
1539098065.402,   0.752,  -0.063,   0.245, -0.607696, +0.588390, -1.283467 
1539098065.502,   0.753,  -0.063,   0.245, -0.611438, +0.587496, -1.276230 
1539098065.602,   0.753,  -0.063,   0.244, -0.664764, +0.594920, +1.846954 
1539098065.702,   0.753,  -0.063,   0.239, -0.608003, +0.588049, -1.291877 
1539098065.802,   0.765,  -0.060,   0.213, -0.599051, +0.593500, -1.256618 
1539098065.911,   0.785,  -0.056,   0.176, -0.592251, +0.591230, -1.327172 
1539098066.011,   0.798,  -0.054,   0.164, -0.580158, +0.592136, -1.368207 
1539098066.111,   0.802,  -0.054,   0.178, -0.581187, +0.589500, +1.356098 
1539098066.211,   0.812,  -0.052,   0.202, -0.559695, +0.593438, -1.386114 
1539098066.311,   0.829,  -0.048,   0.239, -0.548161, +0.597090, -1.323308 
1539098066.411,   0.843,  -0.044,   0.279, -0.537399, +0.599971, -1.303511 
1539098066.511,   0.846,  -0.043,   0.297, -0.527366, +0.602557, -1.256440 
1539098066.610,   0.846,  -0.043,   0.294, -0.576024, +0.608370, +1.938294 
1539098066.710,   0.848,  -0.043,   0.287, -0.531097, +0.583978, -0.179851 
1539098066.810,   0.857,  -0.040,   0.279, -0.513347, +0.606518, -1.240537 
1539098066.910,   0.867,  -0.037,   0.274, -0.506351, +0.608296, -1.253719 
1539098067.010,   0.865,  -0.038,   0.275, -0.503500, +0.609268, -1.255748 
1539098067.110,   0.864,  -0.038,   0.281, -0.505059, +0.608961, -1.236337 
1539098067.220,   0.858,  -0.040,   0.293, -0.566411, +0.591211, +0.267374 
1539098067.320,   0.840,  -0.045,   0.308, -0.518711, +0.605191, -1.236763 
1539098067.420,   0.826,  -0.050,   0.326, -0.530254, +0.602668, -1.216946 
1539098067.519,   0.815,  -0.054,   0.349, -0.541272, +0.600626, -1.176746 
1539098067.619,   0.808,  -0.057,   0.371, -0.552088, +0.597639, -1.159861 
1539098067.719,   0.805,  -0.058,   0.389, -0.560527, +0.595068, -1.142813 
1539098067.829,   0.792,  -0.063,   0.361, -0.568118, +0.592691, -1.127971 
1539098067.929,   0.777,  -0.068,   0.330, -0.581315, +0.586949, -1.172493 
1539098068.029,   0.770,  -0.071,   0.298, -0.587087, +0.584949, -1.195843 
1539098068.128,   0.769,  -0.071,   0.295, -0.591716, +0.583068, -1.215515 
1539098068.228,   0.769,  -0.071,   0.295, -0.592239, +0.582631, -1.223389 
1539098068.328,   0.769,  -0.071,   0.294, -0.608385, +0.575341, +1.180092 
1539098068.438,   0.770,  -0.071,   0.290, -0.589454, +0.582671, -1.223181 
1539098068.538,   0.782,  -0.067,   0.276, -0.641357, +0.587996, +1.906471 
1539098068.638,   0.800,  -0.062,   0.252, -0.610886, +0.595964, -1.858000 
1539098068.737,   0.822,  -0.057,   0.234, -0.616876, +0.583689, +1.727808 
1539098068.837,   0.856,  -0.049,   0.240, -0.585391, +0.601680, +1.832542 
1539098068.937,   0.904,  -0.036,   0.279, -0.549505, +0.608107, +1.861913 
1539098069.037,   0.949,  -0.023,   0.304, -0.510408, +0.614952, +1.932539 
1539098069.137,   0.966,  -0.017,   0.328, -0.423451, +0.620520, -1.250898 
1539098069.237,   0.982,  -0.011,   0.328, -0.398461, +0.629672, -1.185035 
1539098069.337,   1.004,  -0.004,   0.304, -0.381684, +0.633008, -1.206770 
1539098069.437,   1.016,  -0.001,   0.262, -0.367704, +0.636797, -1.245577 
1539098069.546,   1.016,  -0.001,   0.255, -0.413986, +0.644420, +1.912272 
1539098069.646,   1.015,  -0.001,   0.253, -0.413783, +0.644406, +1.922738 
1539098069.746,   1.000,  -0.004,   0.185, -0.418583, +0.643437, +1.908374 
1539098069.846,   0.979,  -0.007,   0.082, -0.386197, +0.631002, +1.309779 
1539098069.946,   0.960,  -0.008,  -0.012, -0.446448, +0.645325, +1.665245 
1539098070.046,   0.942,  -0.007,  -0.100, -0.461760, +0.648165, +1.531734 
1539098070.145,   0.923,  -0.004,  -0.180, -0.488537, +0.637060, +2.031558 
1539098070.245,   0.902,   0.001,  -0.245, -0.496152, +0.656824, +1.360081 
1539098070.345,   0.881,   0.006,  -0.294, -0.493989, +0.643484, +1.629637 
1539098070.445,   0.866,   0.011,  -0.346, -0.528366, +0.667603, +1.242845 
1539098070.545,   0.861,   0.013,  -0.389, -0.540200, +0.671754, +1.196845 
1539098070.655,   0.859,   0.014,  -0.420, -0.562058, +0.668676, +2.109845 
1539098070.755,   0.851,   0.018,  -0.457, -0.512899, +0.641667, -2.004033 
1539098070.854,   0.837,   0.025,  -0.514, -0.520242, +0.644057, -2.053157 
1539098070.954,   0.832,   0.028,  -0.595, -0.529177, +0.646026, -2.135305 
1539098071.065,   0.833,   0.027,  -0.618, -0.533690, +0.645803, -2.223605 
1539098071.165,   0.834,   0.027,  -0.627, -0.534949, +0.643378, -2.246517 
1539098071.264,   0.842,   0.020,  -0.731, -0.529978, +0.640958, -2.280627 
1539098071.364,   0.852,   0.010,  -0.877, -0.525948, +0.631888, -2.404395 
1539098071.464,   0.860,  -0.002,  -1.024, -0.521899, +0.621360, -2.539001 
1539098071.563,   0.867,  -0.015,  -1.166, -0.517164, +0.608393, -2.664058 
1539098071.673,   0.872,  -0.030,  -1.324, -0.513556, +0.596371, -2.781456 
1539098071.773,   0.875,  -0.048,  -1.441, -0.512358, +0.581483, -2.903433 
1539098071.873,   0.877,  -0.067,  -1.533, -0.511065, +0.567485, -2.988549 
1539098071.973,   0.877,  -0.076,  -1.583, -0.511408, +0.555627, -3.051460 
1539098072.073,   0.877,  -0.076,  -1.583, -0.511314, +0.547263, -3.062686 
1539098072.173,   0.877,  -0.076,  -1.584, -0.510902, +0.542827, -3.060542 
1539098072.282,   0.877,  -0.076,  -1.584, -0.510211, +0.538961, -3.067609 
1539098072.382,   0.877,  -0.081,  -1.557, -0.509989, +0.534453, -3.062730 
1539098072.482,   0.878,  -0.094,  -1.487, -0.508181, +0.527629, -3.030629 
1539098072.582,   0.879,  -0.103,  -1.415, -0.505415, +0.518270, -2.972167 
1539098072.682,   0.880,  -0.110,  -1.352, -0.501970, +0.508592, -2.917242 
1539098072.792,   0.884,  -0.125,  -1.326, -0.498223, +0.498070, -2.872969 
1539098072.892,   0.888,  -0.141,  -1.329, -0.493164, +0.481831, -2.857951 
1539098072.991,   0.891,  -0.155,  -1.335, -0.489456, +0.469531, -2.861204 
1539098073.091,   0.893,  -0.164,  -1.366, -0.486346, +0.457682, -2.869145 
1539098073.191,   0.895,  -0.170,  -1.391, -0.483909, +0.447365, -2.901674 
1539098073.291,   0.896,  -0.181,  -1.416, -0.481967, +0.436039, -2.924820 
1539098073.391,   0.899,  -0.199,  -1.444, -0.479541, +0.422440, -2.947723 
1539098073.491,   0.901,  -0.217,  -1.477, -0.477185, +0.407352, -2.972473 
1539098073.591,   0.902,  -0.234,  -1.512, -0.475357, +0.391789, -2.996369 
1539098073.701,   0.903,  -0.251,  -1.556, -0.474193, +0.376212, -3.038902 
1539098073.800,   0.903,  -0.263,  -1.586, -0.473959, +0.362019, -3.058110 
1539098073.900,   0.903,  -0.273,  -1.606, -0.473916, +0.348504, -3.077198 
1539098074.000,   0.902,  -0.287,  -1.592, -0.473436, +0.334323, -3.086354 
1539098074.100,   0.902,  -0.307,  -1.543, -0.471376, +0.317799, -3.060873 
1539098074.200,   0.903,  -0.327,  -1.488, -0.469166, +0.299850, -3.017917 
1539098074.300,   0.905,  -0.344,  -1.438, -0.465365, +0.282159, -2.973896 
1539098074.409,   0.908,  -0.360,  -1.387, -0.461520, +0.264806, -2.934493 
1539098074.509,   0.910,  -0.373,  -1.350, -0.456826, +0.249823, -2.897571 
1539098074.609,   0.914,  -0.389,  -1.341, -0.451803, +0.234441, -2.871900 
1539098074.709,   0.918,  -0.407,  -1.342, -0.448471, +0.217210, -2.884084 
1539098074.809,   0.922,  -0.424,  -1.364, -0.443503, +0.202142, -2.882317 
1539098074.909,   0.925,  -0.439,  -1.392, -0.439428, +0.186018, -2.900195 
1539098075.019,   0.927,  -0.451,  -1.439, -0.437031, +0.171578, -2.939105 
1539098075.118,   0.928,  -0.461,  -1.486, -0.435611, +0.157847, -2.975271 
1539098075.218,   0.929,  -0.476,  -1.520, -0.434444, +0.144941, -3.010039 
1539098075.318,   0.930,  -0.495,  -1.537, -0.433551, +0.129548, -3.040338 
1539098075.418,   0.930,  -0.514,  -1.546, -0.432544, +0.112225, -3.053013 
1539098075.518,   0.931,  -0.531,  -1.548, -0.431730, +0.095396, -3.061289 
1539098075.618,   0.931,  -0.545,  -1.551, -0.430392, +0.078559, -3.064067 
1539098075.718,   0.931,  -0.558,  -1.545, -0.429725, +0.062774, -3.065857 
1539098075.817,   0.932,  -0.575,  -1.509, -0.427658, +0.046200, -3.049381 
1539098075.917,   0.934,  -0.594,  -1.460, -0.425398, +0.029166, -3.023230 
1539098076.017,   0.936,  -0.612,  -1.401, -0.422350, +0.012821, -2.975055 
1539098076.117,   0.939,  -0.628,  -1.344, -0.418469, -0.003621, -2.925372 
1539098076.217,   0.943,  -0.641,  -1.302, -0.413536, -0.018194, -2.876432 
1539098076.317,   0.946,  -0.653,  -1.276, -0.408804, -0.032036, -2.846368 
1539098076.427,   0.949,  -0.663,  -1.248, -0.404188, -0.044558, -2.828212 
1539098076.526,   0.953,  -0.672,  -1.242, -0.399452, -0.056096, -2.805880 
1539098076.626,   0.957,  -0.686,  -1.276, -0.394891, -0.068171, -2.808901 
1539098076.726,   0.961,  -0.702,  -1.315, -0.391970, -0.081990, -2.842813 
1539098076.826,   0.965,  -0.718,  -1.362, -0.387270, -0.101634, -2.888886 
1539098076.926,   0.968,  -0.734,  -1.411, -0.384759, -0.117014, -2.928747 
1539098077.036,   0.971,  -0.753,  -1.464, -0.382607, -0.131986, -2.965347 
1539098077.136,   0.972,  -0.770,  -1.512, -0.382607, -0.131986, -2.965347 
1539098077.236,   0.973,  -0.788,  -1.561, -0.382607, -0.131986, -2.965347 
1539098077.335,   0.973,  -0.802,  -1.584, -0.380305, -0.153097, -3.011657 
1539098077.435,   0.973,  -0.804,  -1.574, -0.380587, -0.184011, -3.088451 
1539098077.545,   0.973,  -0.807,  -1.551, -0.379532, -0.193635, -3.078869 
1539098077.645,   0.973,  -0.813,  -1.531, -0.378867, -0.200097, -3.059975 
1539098077.745,   0.974,  -0.825,  -1.509, -0.377756, -0.205981, -3.037781 
1539098077.845,   0.974,  -0.828,  -1.494, -0.376760, -0.211350, -3.018579 
1539098077.945,   0.974,  -0.827,  -1.496, -0.376661, -0.212545, -3.009966 
1539098078.044,   0.974,  -0.825,  -1.483, -0.377933, -0.210230, -3.015378 
1539098078.144,   0.972,  -0.812,  -1.459, -0.377608, -0.203776, -2.998972 
1539098078.244,   0.970,  -0.795,  -1.426, -0.378707, -0.193588, -2.973813 
1539098078.344,   0.967,  -0.779,  -1.400, -0.380368, -0.182408, -2.953616 
1539098078.444,   0.966,  -0.771,  -1.398, -0.380707, -0.170496, -2.931186 
1539098078.544,   0.966,  -0.769,  -1.382, -0.383188, -0.161453, -2.930110 
1539098078.644,   0.963,  -0.757,  -1.390, -0.384898, -0.153880, -2.920361 
1539098078.743,   0.960,  -0.740,  -1.402, -0.387290, -0.144632, -2.931537 
1539098078.843,   0.960,  -0.735,  -1.425, -0.389701, -0.135040, -2.947269 
1539098078.953,   0.959,  -0.734,  -1.412, -0.391101, -0.131035, -2.960161 
1539098079.053,   0.959,  -0.734,  -1.412, -0.392141, -0.129062, -2.957411 
1539098079.153,   0.959,  -0.734,  -1.412, -0.391197, -0.129336, -2.953906 
1539098079.253,   0.960,  -0.737,  -1.416, -0.391368, -0.133991, -2.960759 
1539098079.353,   0.962,  -0.753,  -1.432, -0.388554, -0.139607, -2.956423 
1539098079.452,   0.964,  -0.768,  -1.452, -0.387638, -0.150784, -2.969111 
1539098079.552,   0.966,  -0.782,  -1.476, -0.386928, -0.162458, -2.988273 
1539098079.662,   0.967,  -0.795,  -1.499, -0.385002, -0.173431, -3.004284 
1539098079.762,   0.967,  -0.804,  -1.511, -0.384522, -0.187343, -3.024324 
1539098079.862,   0.968,  -0.811,  -1.518, -0.382989, -0.195507, -3.027570 
1539098079.962,   0.968,  -0.814,  -1.537, -0.382933, -0.201334, -3.038347 
1539098080.062,   0.968,  -0.817,  -1.545, -0.382091, -0.207844, -3.052064 
1539098080.161,   0.968,  -0.828,  -1.519, -0.382343, -0.213325, -3.044223 
1539098080.261,   0.969,  -0.839,  -1.493, -0.380374, -0.221251, -3.017516 
1539098080.371,   0.969,  -0.842,  -1.454, -0.379355, -0.225974, -2.997561 
1539098080.471,   0.969,  -0.842,  -1.461, -0.379873, -0.228458, -2.993910 
1539098080.571,   0.969,  -0.842,  -1.461, -0.379620, -0.228633, -2.992788 
1539098080.671,   0.969,  -0.841,  -1.456, -0.379512, -0.225484, -2.988307 
1539098080.771,   0.968,  -0.829,  -1.425, -0.380746, -0.220380, -2.978856 
1539098080.870,   0.965,  -0.812,  -1.388, -0.380691, -0.211557, -2.950406 
1539098080.970,   0.963,  -0.803,  -1.359, -0.381072, -0.202266, -2.918930 
1539098081.070,   0.963,  -0.801,  -1.371, -0.382129, -0.194194, -2.904014 
1539098081.180,   0.961,  -0.793,  -1.383, -0.385097, -0.188151, -2.910676 
1539098081.280,   0.959,  -0.780,  -1.394, -0.386599, -0.179057, -2.916990 
1539098081.380,   0.957,  -0.768,  -1.405, -0.388436, -0.170241, -2.926765 
1539098081.479,   0.956,  -0.766,  -1.401, -0.391243, -0.163563, -2.949967 
1539098081.579,   0.956,  -0.766,  -1.400, -0.391601, -0.160374, -2.940883 
1539098081.689,   0.956,  -0.766,  -1.400, -0.392558, -0.157995, -2.942780 
1539098081.789,   0.956,  -0.766,  -1.400, -0.392751, -0.157091, -2.942179 
1539098081.889,   0.956,  -0.766,  -1.400, -0.392506, -0.157055, -2.942218 
1539098081.989,   0.956,  -0.766,  -1.400, -0.392478, -0.157029, -2.942171 
1539098082.089,   0.956,  -0.766,  -1.400, -0.393041, -0.157716, -2.945074 
1539098082.189,   0.956,  -0.766,  -1.400, -0.392508, -0.158008, -2.943373 
1539098082.289,   0.956,  -0.767,  -1.400, -0.391781, -0.159849, -2.941511 
1539098082.389,   0.956,  -0.767,  -1.400, -0.391158, -0.161614, -2.940622 
1539098082.488,   0.957,  -0.770,  -1.405, -0.389775, -0.165291, -2.940174 
1539098082.598,   0.960,  -0.791,  -1.421, -0.388582, -0.176407, -2.949945 
1539098082.698,   0.962,  -0.803,  -1.432, -0.387766, -0.187244, -2.961644 
1539098082.798,   0.962,  -0.804,  -1.428, -0.386062, -0.195895, -2.969738 
1539098082.898,   0.963,  -0.813,  -1.418, -0.382765, -0.202447, -2.958502 
1539098082.997,   0.966,  -0.828,  -1.398, -0.382104, -0.214246, -2.950767 
1539098083.097,   0.970,  -0.851,  -1.387, -0.376822, -0.230608, -2.929589 
1539098083.197,   0.976,  -0.883,  -1.378, -0.372020, -0.256987, -2.923975 
1539098083.297,   0.985,  -0.924,  -1.365, -0.363743, -0.288213, -2.903350 
1539098083.407,   0.993,  -0.964,  -1.358, -0.356877, -0.321331, -2.896034 
1539098083.507,   0.995,  -0.975,  -1.360, -0.350695, -0.346198, -2.898518 
1539098083.606,   0.997,  -0.985,  -1.376, -0.345565, -0.362065, -2.903222 
1539098083.706,   1.000,  -1.000,  -1.401, -0.342659, -0.374859, -2.920626 
1539098083.806,   1.001,  -1.007,  -1.441, -0.342294, -0.384874, -2.956860 
1539098083.907,   1.001,  -1.006,  -1.440, -0.341962, -0.387488, -2.976516 
1539098084.006,   1.000,  -0.998,  -1.485, -0.342659, -0.383987, -2.978653 
1539098084.106,   1.000,  -0.978,  -1.577, -0.345236, -0.373198, -3.040178 
1539098084.216,   1.001,  -0.958,  -1.674, -0.347034, -0.358154, -3.113756 
1539098084.316,   1.003,  -0.940,  -1.752, -0.347598, -0.341083, +3.097473 
1539098084.416,   1.008,  -0.919,  -1.820, -0.346333, -0.323455, +3.039172 
1539098084.515,   1.014,  -0.899,  -1.882, -0.344378, -0.304590, +2.980744 
1539098084.615,   1.020,  -0.880,  -1.928, -0.341691, -0.287232, +2.936760 
1539098084.715,   1.023,  -0.874,  -1.980, -0.339792, -0.273429, +2.881672 
1539098084.815,   1.025,  -0.870,  -2.023, -0.336108, -0.262461, +2.860189 
1539098084.915,   1.027,  -0.865,  -2.070, -0.334327, -0.254760, +2.817806 
1539098085.025,   1.032,  -0.856,  -2.134, -0.331964, -0.247203, +2.768430 
1539098085.124,   1.037,  -0.850,  -2.211, -0.330114, -0.240270, +2.722369 
1539098085.224,   1.041,  -0.845,  -2.290, -0.329360, -0.234386, +2.661382 
1539098085.324,   1.040,  -0.845,  -2.318, -0.329408, -0.230546, +2.603902 
1539098085.424,   1.037,  -0.848,  -2.341, -0.331982, -0.231605, +2.580906 
1539098085.524,   1.027,  -0.858,  -2.410, -0.336457, -0.237228, +2.563994 
1539098085.624,   1.014,  -0.869,  -2.519, -0.344805, -0.242877, +2.492105 
1539098085.724,   1.001,  -0.877,  -2.641, -0.362019, -0.250558, +2.294389 
1539098085.833,   0.986,  -0.884,  -2.777, -0.374468, -0.255016, +2.157433 
1539098085.933,   0.970,  -0.889,  -2.864, -0.388348, -0.259016, +2.055262 
1539098086.034,   0.953,  -0.893,  -2.924, -0.400712, -0.263401, +1.996973 
1539098086.133,   0.939,  -0.896,  -2.942, -0.413014, -0.264611, +1.929674 
1539098086.233,   0.936,  -0.897,  -2.934, -0.424226, -0.268246, +1.933925 
1539098086.333,   0.936,  -0.897,  -2.935, -0.433780, -0.269700, +1.915679 
1539098086.433,   0.925,  -0.899,  -2.956, -0.436780, -0.271013, +1.934061 
1539098086.533,   0.913,  -0.901,  -2.999, -0.443520, -0.272282, +1.875409 
1539098086.642,   0.912,  -0.901,  -3.022, -0.449261, -0.271885, +1.826634 
1539098086.742,   0.913,  -0.901,  -3.031, -0.446557, -0.271433, +1.824001 
1539098086.842,   0.928,  -0.900,  -3.071, -0.440788, -0.269976, +1.803030 
1539098086.942,   0.943,  -0.899,  -3.100, -0.430796, -0.267957, +1.761999 
1539098087.042,   0.957,  -0.898,  -3.108, -0.419277, -0.266233, +1.736554 
1539098087.142,   0.974,  -0.898,  -3.092, -0.407546, -0.264828, +1.742635 
1539098087.241,   0.988,  -0.897,  -3.080, -0.395150, -0.264687, +1.803182 
1539098087.341,   0.989,  -0.897,  -3.068, -0.388052, -0.263614, +1.817151 
1539098087.441,   0.989,  -0.897,  -3.068, -0.385444, -0.264835, +1.831707 
1539098087.541,   0.989,  -0.897,  -3.068, -0.387879, -0.264584, +1.840449 
1539098087.641,   0.975,  -0.898,  -3.068, -0.394877, -0.264803, +1.823463 
1539098087.741,   0.954,  -0.899,  -3.071, -0.410533, -0.266780, +1.790808 
1539098087.841,   0.937,  -0.901,  -3.058, -0.424480, -0.269404, +1.798722 
1539098087.940,   0.922,  -0.902,  -3.037, -0.441404, -0.272848, +1.819657 
1539098088.050,   0.898,  -0.905,  -3.026, -0.460564, -0.276552, +1.830307 
1539098088.150,   0.870,  -0.908,  -3.037, -0.482915, -0.280890, +1.828401 
1539098088.250,   0.842,  -0.911,  -3.050, -0.506094, -0.285676, +1.817917 
1539098088.350,   0.820,  -0.913,  -3.065, -0.528642, -0.291359, +1.833615 
1539098088.450,   0.804,  -0.914,  -3.076, -0.551788, -0.294411, +1.784242 
1539098088.549,   0.783,  -0.915,  -3.083, -0.572971, -0.296684, +1.773683 
1539098088.649,   0.755,  -0.917,  -3.090, -0.593290, -0.302371, +1.802682 
1539098088.749,   0.728,  -0.918,  -3.080, -0.618392, -0.303113, +1.746371 
1539098088.849,   0.713,  -0.919,  -3.049, -0.583885, -0.317380, -1.366773 
1539098088.959,   0.700,  -0.921,  -3.021, -0.601920, -0.319329, -1.317121 
1539098089.059,   0.680,  -0.923,  -3.015, -0.675672, -0.314963, +1.817683 
1539098089.159,   0.658,  -0.926,  -3.016, -0.635324, -0.310572, -1.094633 
1539098089.259,   0.640,  -0.928,  -3.031, -0.715291, -0.325246, +1.847446 
1539098089.358,   0.633,  -0.929,  -3.043, -0.730280, -0.327119, +1.844201 
1539098089.458,   0.623,  -0.930,  -3.043, -0.743189, -0.329442, +1.846901 
1539098089.558,   0.604,  -0.932,  -3.048, -0.762232, -0.332750, +1.819724 
1539098089.658,   0.584,  -0.933,  -3.061, -0.777822, -0.334252, +1.794745 
1539098089.768,   0.574,  -0.934,  -3.060, -0.786190, -0.337064, +1.797988 
1539098089.868,   0.567,  -0.935,  -3.056, -0.757672, -0.323551, -0.018666 
1539098089.968,   0.553,  -0.936,  -3.057, -0.812259, -0.340345, +1.789512 
1539098090.067,   0.538,  -0.937,  -3.059, -0.825326, -0.342718, +1.788474 
1539098090.167,   0.525,  -0.938,  -3.051, -0.836776, -0.346259, +1.835544 
1539098090.267,   0.514,  -0.940,  -3.038, -0.851916, -0.347906, +1.816607 
1539098090.367,   0.505,  -0.941,  -3.016, -0.804134, -0.357007, -1.312219 
1539098090.477,   0.495,  -0.942,  -2.993, -0.871332, -0.352050, +1.848713 
1539098090.577,   0.483,  -0.944,  -2.980, -0.825627, -0.361098, -1.273044 
1539098090.677,   0.470,  -0.946,  -2.990, -0.851039, -0.384303, -0.174006 
1539098090.776,   0.461,  -0.947,  -3.024, -0.903898, -0.360688, +1.852560 
1539098090.876,   0.453,  -0.948,  -3.065, -0.912948, -0.363595, +1.858145 
1539098090.976,   0.444,  -0.948,  -3.112, -0.924085, -0.362766, +1.765170 
1539098091.076,   0.431,  -0.949,   3.134, -0.934988, -0.363220, +1.714224 
1539098091.176,   0.418,  -0.948,   3.109, -0.947140, -0.363406, +1.671557 
1539098091.286,   0.407,  -0.948,   3.101, -0.959168, -0.363453, +1.648700 
1539098091.386,   0.397,  -0.947,   3.111, -0.970617, -0.364208, +1.643200 
1539098091.485,   0.382,  -0.947,  -3.126, -0.985116, -0.365360, +1.676146 
1539098091.585,   0.366,  -0.948,  -3.063, -0.998878, -0.367881, +1.734534 
1539098091.686,   0.350,  -0.950,  -3.008, -1.010206, -0.371562, +1.785950 
1539098091.785,   0.336,  -0.952,  -2.972, -1.023825, -0.375214, +1.846348 
1539098091.885,   0.328,  -0.953,  -2.959, -1.035439, -0.380740, +1.925126 
1539098091.985,   0.322,  -0.954,  -2.978, -1.047133, -0.382185, +1.896009 
1539098092.085,   0.304,  -0.957,  -3.004, -1.001487, -0.389673, -1.269965 
1539098092.184,   0.283,  -0.960,  -3.042, -1.016197, -0.394180, -1.293006 
1539098092.294,   0.276,  -0.960,  -3.072, -1.083697, -0.389804, +1.790436 
1539098092.394,   0.276,  -0.960,  -3.069, -1.096490, -0.391095, +1.782691 
1539098092.494,   0.271,  -0.961,  -3.082, -1.099551, -0.392056, +1.780657 
1539098092.604,   0.256,  -0.962,  -3.056, -1.106814, -0.393162, +1.792729 
1539098092.704,   0.251,  -0.962,  -3.023, -1.112505, -0.394545, +1.816189 
1539098092.804,   0.252,  -0.962,  -3.026, -1.113234, -0.396559, +1.867884 
1539098092.903,   0.252,  -0.962,  -3.024, -1.113039, -0.394994, +1.824781 
1539098093.003,   0.261,  -0.961,  -3.000, -1.107669, -0.395670, +1.865331 
1539098093.113,   0.279,  -0.958,  -2.960, -1.099956, -0.392744, +1.869486 
1539098093.213,   0.292,  -0.955,  -2.931, -1.091655, -0.393234, +1.938339 
1539098093.313,   0.300,  -0.954,  -2.910, -1.025233, -0.390412, -1.192372 
1539098093.413,   0.304,  -0.953,  -2.902, -1.072733, -0.388274, +1.998970 
1539098093.513,   0.304,  -0.953,  -2.904, -1.012126, -0.386033, -1.168176 
1539098093.622,   0.311,  -0.951,  -2.929, -1.007665, -0.384142, -1.152778 
1539098093.722,   0.324,  -0.949,  -2.981, -1.061116, -0.381234, +1.928073 
1539098093.822,   0.330,  -0.948,  -3.027, -0.990909, -0.371670, -1.606898 
1539098093.922,   0.330,  -0.948,  -3.028, -0.988359, -0.371703, -1.524188 
1539098094.022,   0.327,  -0.948,  -3.026, -0.990796, -0.374076, -1.546276 
1539098094.122,   0.311,  -0.950,  -3.024, -0.989316, -0.379989, -0.996378 
1539098094.222,   0.294,  -0.952,  -3.026, -1.007502, -0.376578, -1.474082 
1539098094.331,   0.276,  -0.954,  -3.032, -1.019968, -0.382151, -1.433167 
1539098094.431,   0.264,  -0.955,  -3.021, -1.043994, -0.395228, -1.307056 
1539098094.531,   0.260,  -0.956,  -2.991, -1.055036, -0.396150, -1.283078 
1539098094.631,   0.247,  -0.958,  -2.977, -1.093699, -0.407244, -2.417637 
1539098094.731,   0.229,  -0.961,  -2.969, -1.131745, -0.397287, +1.900838 
1539098094.831,   0.222,  -0.962,  -2.954, -1.115515, -0.408539, -2.445291 
1539098094.931,   0.222,  -0.962,  -2.945, -1.147967, -0.401802, +1.923989 
1539098095.030,   0.221,  -0.962,  -2.941, -1.151896, -0.402415, +1.919228 
1539098095.130,   0.218,  -0.963,  -2.964, -1.131388, -0.422667, -2.549081 
1539098095.230,   0.212,  -0.964,  -2.992, -1.101390, -0.407766, -1.249285 
1539098095.330,   0.208,  -0.965,  -3.027, -1.160648, -0.403312, +1.851664 
1539098095.430,   0.207,  -0.965,  -3.044, -1.164022, -0.403187, +1.821315 
1539098095.540,   0.207,  -0.965,  -3.044, -1.104579, -0.410570, -1.315854 
1539098095.640,   0.211,  -0.964,  -3.017, -1.101356, -0.409582, -1.312677 
1539098095.739,   0.225,  -0.962,  -2.975, -1.150798, -0.400004, +1.831110 
1539098095.839,   0.241,  -0.959,  -2.928, -1.142334, -0.399951, +1.868318 
1539098095.939,   0.256,  -0.956,  -2.890, -1.127708, -0.396433, +1.942410 
1539098096.039,   0.269,  -0.952,  -2.865, -1.112524, -0.393836, +2.004084 
1539098096.139,   0.280,  -0.949,  -2.858, -1.101715, -0.390628, +2.028653 
1539098096.239,   0.290,  -0.946,  -2.862, -1.090576, -0.387077, +2.040910 
1539098096.339,   0.299,  -0.943,  -2.875, -1.083105, -0.382689, +1.991687 
1539098096.438,   0.304,  -0.942,  -2.889, -1.076543, -0.379806, +1.980316 
1539098096.548,   0.307,  -0.941,  -2.911, -1.071687, -0.378263, +1.968587 
1539098096.648,   0.309,  -0.941,  -2.922, -1.069767, -0.375723, +1.936074 
1539098096.748,   0.310,  -0.940,  -2.938, -1.066290, -0.374883, +1.923380 
1539098096.848,   0.314,  -0.940,  -2.952, -1.064451, -0.373995, +1.905664 
1539098096.948,   0.317,  -0.939,  -2.973, -1.010387, -0.357627, -1.830059 
1539098097.048,   0.318,  -0.939,  -2.981, -1.007259, -0.377101, -1.276612 
1539098097.147,   0.317,  -0.939,  -2.981, -1.033810, -0.373495, -2.206412 
1539098097.247,   0.302,  -0.942,  -2.981, -1.072114, -0.375557, +1.881121 
1539098097.347,   0.282,  -0.945,  -2.981, -1.086690, -0.378343, +1.883120 
1539098097.447,   0.263,  -0.948,  -2.983, -0.959710, -0.348316, +2.024565 
1539098097.557,   0.251,  -0.950,  -2.979, -1.055396, -0.389553, -1.268164 
1539098097.657,   0.245,  -0.951,  -2.973, -1.068409, -0.392580, -1.272194 
1539098097.757,   0.229,  -0.954,  -2.969, -1.078922, -0.394902, -1.274958 
1539098097.856,   0.211,  -0.957,  -2.966, -1.092627, -0.398265, -1.260031 
1539098097.956,   0.198,  -0.959,  -2.955, -1.160921, -0.398273, +1.884757 
1539098098.066,   0.197,  -0.959,  -2.946, -1.173261, -0.402339, +1.912573 
1539098098.166,   0.193,  -0.960,  -2.961, -1.178542, -0.405155, +1.966470 
1539098098.266,   0.180,  -0.963,  -2.958, -1.185625, -0.404985, +1.901365 
1539098098.366,   0.172,  -0.964,  -2.959, -1.191646, -0.407050, +1.900814 
1539098098.466,   0.174,  -0.964,  -2.954, -1.138199, -0.410428, -1.204543 
1539098098.565,   0.174,  -0.964,  -2.954, -1.137233, -0.409883, -1.196233 
1539098098.675,   0.179,  -0.962,  -2.924, -1.161827, -0.411842, -2.429433 
1539098098.775,   0.196,  -0.959,  -2.892, -1.125277, -0.404731, -1.172577 
1539098098.875,   0.211,  -0.955,  -2.861, -1.171445, -0.402549, +1.981776 
1539098098.975,   0.223,  -0.951,  -2.825, -1.158215, -0.399082, +2.055388 
1539098099.075,   0.232,  -0.948,  -2.786, -1.149677, -0.394942, +2.076723 
1539098099.175,   0.239,  -0.945,  -2.773, -1.138314, -0.392978, +2.134514 
1539098099.274,   0.251,  -0.941,  -2.792, -1.128276, -0.387563, +2.131440 
1539098099.374,   0.265,  -0.936,  -2.841, -1.117166, -0.381079, +2.096149 
1539098099.474,   0.279,  -0.932,  -2.891, -1.108978, -0.375197, +2.010426 
1539098099.574,   0.286,  -0.930,  -2.932, -1.099403, -0.372000, +2.009411 
1539098099.684,   0.286,  -0.930,  -2.931, -1.095287, -0.368248, +1.936697 
1539098099.784,   0.286,  -0.930,  -2.931, -1.093625, -0.367913, +1.943795 
1539098099.884,   0.286,  -0.930,  -2.932, -1.094396, -0.368087, +1.944862 
1539098099.983,   0.284,  -0.931,  -2.920, -1.097107, -0.369578, +1.948295 
1539098100.083,   0.268,  -0.934,  -2.901, -1.101556, -0.371691, +1.997066 
1539098100.183,   0.249,  -0.939,  -2.891, -1.113741, -0.376287, +2.007725 
1539098100.283,   0.232,  -0.944,  -2.896, -1.128475, -0.381745, +1.982324 
1539098100.383,   0.216,  -0.947,  -2.910, -1.146323, -0.386992, +1.967262 
1539098100.483,   0.189,  -0.954,  -2.920, -1.166208, -0.394188, +1.986956 
1539098100.583,   0.150,  -0.962,  -2.933, -1.194833, -0.402230, +1.933393 
1539098100.682,   0.108,  -0.971,  -2.952, -1.229294, -0.412671, +1.914135 
1539098100.782,   0.061,  -0.979,  -2.965, -1.270769, -0.424779, +1.913880 
1539098100.892,   0.019,  -0.986,  -2.982, -1.252649, -0.438788, -1.227687 
1539098100.992,   0.003,  -0.989,  -2.974, -1.320937, -0.460763, -2.715149 
1539098101.092,  -0.010,  -0.991,  -2.983, -1.293388, -0.440495, -1.342242 
1539098101.192,  -0.024,  -0.993,  -3.009, -1.317453, -0.456271, -1.251829 
1539098101.292,  -0.026,  -0.993,  -3.027, -1.318037, -0.446587, -1.368023 
1539098101.391,  -0.023,  -0.993,  -3.046, -1.318143, -0.446992, -1.430311 
1539098101.491,  -0.003,  -0.992,   3.131, -1.373581, -0.451943, +1.765024 
1539098101.591,   0.019,  -0.994,   3.026, -1.334848, -0.461538, -2.352838 
1539098101.701,   0.044,  -0.998,   2.922, -1.306627, -0.456922, -1.994130 
1539098101.801,   0.069,  -1.005,   2.839, -1.314121, -0.446354, +1.403700 
1539098101.901,   0.094,  -1.013,   2.777, -1.257913, -0.465017, -1.718945 
1539098102.001,   0.118,  -1.023,   2.726, -1.207089, -0.480779, -1.039290 
1539098102.101,   0.137,  -1.032,   2.667, -1.215526, -0.454435, -0.468493 
1539098102.201,   0.146,  -1.037,   2.587, -1.186770, -0.503670, -2.009500 
1539098102.300,   0.153,  -1.042,   2.516, -1.215368, -0.469284, +1.034523 
1539098102.400,   0.166,  -1.052,   2.450, -1.202267, -0.474968, +0.956398 
1539098102.500,   0.180,  -1.064,   2.388, -1.189619, -0.480193, +0.873645 
1539098102.610,   0.183,  -1.067,   2.335, -1.180142, -0.484495, +0.798134 
1539098102.710,   0.183,  -1.067,   2.336, -1.176784, -0.486630, +0.784270 
1539098102.809,   0.182,  -1.067,   2.331, -1.176311, -0.487038, +0.793290 
1539098102.909,   0.182,  -1.066,   2.335, -1.176332, -0.486845, +0.788494 
1539098103.009,   0.181,  -1.065,   2.321, -1.178664, -0.485121, +0.784871 
1539098103.109,   0.174,  -1.057,   2.236, -1.182825, -0.480422, +0.748830 
1539098103.209,   0.165,  -1.043,   2.121, -1.186834, -0.471574, +0.654532 
1539098103.309,   0.158,  -1.031,   2.008, -1.191707, -0.461141, +0.558370 
1539098103.409,   0.153,  -1.020,   1.905, -1.195138, -0.451659, +0.460983 
1539098103.508,   0.151,  -1.011,   1.820, -1.197549, -0.443173, +0.375408 
1539098103.618,   0.149,  -1.006,   1.766, -1.198447, -0.435847, +0.312930 
1539098103.718,   0.149,  -1.006,   1.765, -1.199870, -0.429945, +0.290767 
1539098103.818,   0.149,  -1.006,   1.765, -1.200832, -0.427931, +0.284790 
1539098103.918,   0.149,  -1.006,   1.765, -1.201549, -0.425761, +0.286343 
1539098104.018,   0.149,  -1.005,   1.751, -1.201798, -0.424502, +0.288888 
1539098104.117,   0.149,  -1.001,   1.718, -1.201319, -0.423451, +0.270737 
1539098104.227,   0.148,  -0.999,   1.692, -1.200438, -0.421887, +0.244764 
1539098104.327,   0.148,  -0.998,   1.686, -1.199656, -0.421591, +0.224290 
1539098104.427,   0.148,  -0.998,   1.686, -1.199881, -0.421631, +0.223647 
1539098104.527,   0.148,  -0.999,   1.682, -1.199115, -0.424001, +0.221857 
1539098104.627,   0.148,  -0.999,   1.684, -1.198914, -0.426457, +0.233347 
1539098104.727,   0.150,  -1.013,   1.670, -1.196796, -0.433677, +0.233863 
1539098104.827,   0.152,  -1.035,   1.659, -1.195079, -0.443899, +0.218713 
1539098104.926,   0.153,  -1.051,   1.623, -1.191134, -0.459007, +0.201078 
1539098105.026,   0.153,  -1.060,   1.563, -1.186496, -0.473601, +0.166027 
1539098105.126,   0.153,  -1.084,   1.583, -1.182112, -0.492064, +0.139153 
1539098105.236,   0.154,  -1.106,   1.653, -1.181609, -0.506931, +0.159209 
1539098105.336,   0.154,  -1.106,   1.660, -1.182090, -0.514839, +0.209574 
1539098105.436,   0.154,  -1.106,   1.660, -1.181919, -0.518897, +0.187015 
1539098105.536,   0.154,  -1.106,   1.660, -1.181104, -0.516015, +0.198495 
1539098105.636,   0.153,  -1.094,   1.668, -1.182489, -0.510357, +0.190696 
1539098105.736,   0.151,  -1.071,   1.682, -1.186010, -0.495851, +0.206092 
1539098105.835,   0.149,  -1.054,   1.692, -1.190505, -0.477069, +0.216734 
1539098105.935,   0.146,  -1.034,   1.699, -1.197633, -0.459605, +0.227488 
1539098106.035,   0.142,  -1.004,   1.703, -1.205182, -0.435031, +0.238134 
1539098106.135,   0.138,  -0.976,   1.722, -1.211290, -0.411081, +0.246628 
1539098106.235,   0.134,  -0.949,   1.723, -1.218894, -0.385436, +0.253959 
1539098106.335,   0.130,  -0.922,   1.709, -1.226957, -0.359062, +0.244726 
1539098106.434,   0.126,  -0.891,   1.692, -1.233362, -0.330360, +0.214554 
1539098106.544,   0.122,  -0.856,   1.669, -1.242733, -0.301405, +0.218174 
1539098106.644,   0.119,  -0.825,   1.648, -1.246165, -0.272867, +0.177335 
1539098106.744,   0.117,  -0.798,   1.639, -1.254161, -0.244778, +0.189037 
1539098106.844,   0.116,  -0.776,   1.644, -1.259630, -0.219051, +0.179396 
1539098106.944,   0.115,  -0.760,   1.646, -1.263582, -0.196978, +0.182173 
1539098107.043,   0.113,  -0.741,   1.649, -1.268120, -0.175548, +0.178748 
1539098107.143,   0.111,  -0.717,   1.654, -1.274104, -0.154254, +0.177734 
1539098107.243,   0.109,  -0.694,   1.677, -1.279015, -0.132484, +0.186130 
1539098107.343,   0.106,  -0.674,   1.735, -1.283560, -0.111866, +0.218383 
1539098107.443,   0.103,  -0.656,   1.809, -1.289447, -0.092820, +0.274827 
1539098107.543,   0.097,  -0.637,   1.868, -1.297299, -0.071897, +0.340702 
1539098107.653,   0.090,  -0.615,   1.911, -1.286436, -0.121842, -0.368513 
1539098107.752,   0.084,  -0.598,   1.894, -1.314402, -0.039713, +0.432736 
1539098107.852,   0.081,  -0.586,   1.834, -1.321003, -0.023183, +0.385821 
1539098107.952,   0.077,  -0.572,   1.778, -1.324077, -0.065711, -2.791448 
1539098108.052,   0.074,  -0.555,   1.718, -1.330783, +0.007475, +0.271160 
1539098108.152,   0.072,  -0.534,   1.671, -1.334620, +0.025270, +0.229738 
1539098108.252,   0.070,  -0.511,   1.639, -1.338178, +0.045342, +0.191596 
1539098108.352,   0.068,  -0.489,   1.627, -1.348865, +0.010239, -2.952471 
1539098108.451,   0.067,  -0.467,   1.626, -1.339557, +0.022467, -0.128244 
1539098108.551,   0.066,  -0.446,   1.623, -1.348794, +0.108977, +0.167651 
1539098108.651,   0.065,  -0.427,   1.615, -1.352504, +0.129625, +0.165684 
1539098108.761,   0.064,  -0.407,   1.610, -1.355681, +0.149524, +0.157534 
1539098108.861,   0.064,  -0.389,   1.603, -1.358638, +0.168891, +0.151482 
1539098108.961,   0.063,  -0.370,   1.601, -1.361568, +0.188901, +0.147005 
1539098109.061,   0.062,  -0.345,   1.623, -1.365933, +0.210623, +0.151525 
1539098109.160,   0.060,  -0.317,   1.662, -1.370288, +0.233473, +0.173836 
1539098109.260,   0.057,  -0.290,   1.712, -1.377277, +0.264765, +0.224678 
1539098109.360,   0.054,  -0.273,   1.773, -1.385667, +0.287738, +0.274168 
1539098109.470,   0.050,  -0.258,   1.826, -1.392998, +0.306950, +0.322483 
1539098109.570,   0.044,  -0.235,   1.836, -1.400306, +0.326019, +0.340404 
1539098109.670,   0.038,  -0.211,   1.821, -1.408650, +0.346086, +0.338921 
1539098109.770,   0.033,  -0.190,   1.790, -1.413606, +0.309510, -2.827596 
1539098109.869,   0.030,  -0.176,   1.743, -1.422235, +0.326934, -2.847601 
1539098109.969,   0.029,  -0.166,   1.696, -1.428170, +0.344918, -2.907377 
1539098110.069,   0.026,  -0.144,   1.675, -1.434432, +0.360063, -2.921653 
1539098110.169,   0.023,  -0.114,   1.663, -1.434366, +0.435427, +0.205156 
1539098110.269,   0.022,  -0.099,   1.669, -1.438148, +0.453222, +0.203142 
1539098110.369,   0.022,  -0.099,   1.677, -1.435984, +0.453442, -0.134680 
1539098110.469,   0.021,  -0.090,   1.706, -1.442897, +0.473361, +0.206670 
1539098110.568,   0.018,  -0.075,   1.723, -1.445773, +0.481249, +0.227810 
1539098110.678,   0.018,  -0.073,   1.736, -1.447205, +0.488102, +0.252785 
1539098110.778,   0.018,  -0.073,   1.741, -1.445696, +0.488951, +0.245866 
1539098110.878,   0.019,  -0.075,   1.743, -1.433009, +0.431856, -0.371124 
1539098110.978,   0.022,  -0.094,   1.750, -1.445186, +0.477809, +0.262252 
1539098111.078,   0.025,  -0.112,   1.757, -1.441516, +0.469121, +0.264204 
1539098111.178,   0.027,  -0.119,   1.742, -1.438745, +0.456831, +0.271703 
1539098111.278,   0.028,  -0.125,   1.725, -1.435506, +0.446978, +0.254592 
1539098111.377,   0.030,  -0.140,   1.718, -1.432621, +0.437042, +0.248934 
1539098111.477,   0.032,  -0.156,   1.706, -1.428538, +0.425264, +0.237113 
1539098111.577,   0.034,  -0.168,   1.696, -1.425785, +0.415221, +0.233587 
1539098111.677,   0.034,  -0.168,   1.686, -1.423466, +0.405977, +0.210508 
1539098111.777,   0.034,  -0.169,   1.689, -1.421310, +0.401448, +0.219229 
1539098111.877,   0.035,  -0.178,   1.711, -1.419376, +0.395660, +0.221679 
1539098111.986,   0.037,  -0.192,   1.725, -1.419129, +0.389455, +0.216585 
1539098112.086,   0.037,  -0.192,   1.729, -1.418263, +0.384860, +0.238467 
1539098112.186,   0.037,  -0.192,   1.727, -1.417433, +0.383582, +0.239024 
1539098112.286,   0.037,  -0.191,   1.724, -1.417843, +0.385290, +0.242465 
1539098112.386,   0.035,  -0.179,   1.708, -1.418877, +0.390190, +0.229305 
1539098112.486,   0.033,  -0.163,   1.685, -1.422029, +0.399417, +0.220885 
1539098112.596,   0.032,  -0.148,   1.661, -1.423470, +0.409905, +0.211644 
1539098112.696,   0.031,  -0.141,   1.665, -1.425177, +0.419516, +0.187033 
1539098112.796,   0.031,  -0.139,   1.670, -1.427260, +0.428077, +0.197773 
1539098112.895,   0.030,  -0.130,   1.683, -1.428789, +0.435059, +0.196164 
1539098112.995,   0.028,  -0.113,   1.699, -1.432915, +0.447251, +0.222050 
1539098113.095,   0.027,  -0.104,   1.717, -1.399900, +0.317845, +0.124679 
1539098113.205,   0.027,  -0.104,   1.716, -1.436893, +0.460101, +0.252189 
1539098113.305,   0.026,  -0.104,   1.708, -1.437476, +0.462134, +0.250037 
1539098113.405,   0.026,  -0.104,   1.708, -1.437049, +0.462129, +0.243636 
1539098113.504,   0.026,  -0.104,   1.709, -1.436772, +0.460215, +0.245822 
1539098113.604,   0.028,  -0.111,   1.735, -1.435382, +0.456309, +0.250458 
1539098113.714,   0.030,  -0.127,   1.763, -1.434083, +0.449183, +0.277329 
1539098113.814,   0.033,  -0.140,   1.777, -1.431270, +0.438432, +0.288979 
1539098113.914,   0.035,  -0.150,   1.779, -1.428394, +0.429451, +0.295221 
1539098114.014,   0.037,  -0.159,   1.768, -1.425246, +0.420879, +0.290797 
1539098114.114,   0.038,  -0.166,   1.753, -1.421646, +0.415113, +0.272280 
1539098114.214,   0.039,  -0.166,   1.751, -1.419833, +0.409713, +0.254411 
1539098114.313,   0.039,  -0.168,   1.752, -1.419164, +0.405453, +0.267199 
1539098114.413,   0.039,  -0.168,   1.753, -1.418100, +0.402464, +0.263974 
1539098114.513,   0.039,  -0.168,   1.753, -1.419682, +0.345037, -2.874950 
1539098114.613,   0.039,  -0.172,   1.749, -1.414956, +0.400173, +0.246701 
1539098114.723,   0.041,  -0.179,   1.743, -1.415499, +0.396723, +0.256830 
1539098114.822,   0.042,  -0.185,   1.732, -1.414459, +0.394079, +0.246329 
1539098114.922,   0.042,  -0.183,   1.731, -1.413990, +0.392767, +0.238506 
1539098115.022,   0.042,  -0.183,   1.731, -1.414065, +0.394096, +0.235880 
1539098115.122,   0.040,  -0.173,   1.722, -1.415412, +0.398630, +0.231445 
1539098115.222,   0.037,  -0.155,   1.708, -1.417522, +0.407528, +0.226677 
1539098115.322,   0.034,  -0.129,   1.700, -1.421632, +0.425278, +0.214099 
1539098115.432,   0.028,  -0.084,   1.695, -1.428957, +0.452454, +0.211162 
1539098115.531,   0.022,  -0.037,   1.698, -1.441350, +0.504171, +0.213820 
1539098115.631,   0.015,   0.017,   1.713, -1.452915, +0.547895, +0.222408 
1539098115.731,   0.008,   0.061,   1.729, -1.462800, +0.588822, +0.256888 
1539098115.831,   0.005,   0.079,   1.748, -1.474685, +0.564969, -2.901520 
1539098115.941,   0.001,   0.103,   1.746, -1.483134, +0.587665, -2.892270 
1539098116.041,  -0.002,   0.122,   1.731, -1.485998, +0.662658, +0.269941 
1539098116.141,  -0.003,   0.123,   1.727, -1.492002, +0.617269, -2.894661 
1539098116.240,  -0.003,   0.123,   1.726, -1.492710, +0.622253, -2.903587 
1539098116.340,  -0.002,   0.121,   1.728, -1.491787, +0.619200, -2.898950 
1539098116.440,   0.002,   0.098,   1.744, -1.487458, +0.666323, +0.285688 
1539098116.540,   0.005,   0.078,   1.756, -1.484398, +0.651975, +0.283624 
1539098116.640,   0.008,   0.061,   1.745, -1.476989, +0.635224, +0.281447 
1539098116.750,   0.013,   0.034,   1.722, -1.471753, +0.559055, -2.891520 
1539098116.850,   0.017,   0.005,   1.705, -1.464971, +0.535800, -2.909916 
1539098116.949,   0.021,  -0.023,   1.699, -1.454237, +0.568339, +0.229935 
1539098117.049,   0.024,  -0.048,   1.704, -1.449590, +0.545051, +0.225553 
1539098117.149,   0.026,  -0.062,   1.730, -1.443327, +0.523467, +0.236566 
1539098117.249,   0.028,  -0.076,   1.748, -1.439595, +0.505626, +0.258606 
1539098117.349,   0.033,  -0.100,   1.760, -1.434474, +0.487761, +0.276508 
1539098117.449,   0.036,  -0.117,   1.766, -1.429056, +0.472227, +0.276476 
1539098117.549,   0.036,  -0.118,   1.765, -1.426416, +0.463380, +0.273161 
1539098117.648,   0.033,  -0.100,   1.746, -1.427600, +0.467061, +0.265671 
1539098117.758,   0.027,  -0.065,   1.707, -1.431972, +0.485539, +0.253375 
1539098117.858,   0.023,  -0.029,   1.686, -1.439744, +0.512945, +0.228918 
1539098117.958,   0.016,   0.025,   1.695, -1.450188, +0.550476, +0.209166 
1539098118.058,   0.009,   0.083,   1.707, -1.459969, +0.596388, +0.235258 
1539098118.158,   0.001,   0.136,   1.713, -1.475287, +0.644945, +0.248440 
1539098118.258,  -0.003,   0.161,   1.738, -1.487960, +0.685390, +0.259063 
1539098118.357,  -0.006,   0.183,   1.756, -1.487036, +0.647819, -0.306658 
1539098118.457,  -0.010,   0.201,   1.774, -1.502684, +0.736872, +0.305258 
1539098118.557,  -0.010,   0.203,   1.779, -1.506990, +0.749481, +0.322407 
1539098118.657,  -0.010,   0.203,   1.780, -1.507874, +0.752282, +0.322820 
1539098118.757,  -0.006,   0.183,   1.776, -1.506677, +0.745557, +0.325917 
1539098118.857,  -0.002,   0.161,   1.769, -1.500659, +0.731446, +0.317741 
1539098118.957,   0.003,   0.136,   1.758, -1.493036, +0.711500, +0.312807 
1539098119.067,   0.010,   0.099,   1.738, -1.482394, +0.678818, +0.286154 
1539098119.166,   0.015,   0.065,   1.715, -1.471619, +0.648778, +0.269172 
1539098119.266,   0.019,   0.032,   1.685, -1.463340, +0.618872, +0.243502 
1539098119.366,   0.023,  -0.001,   1.660, -1.453760, +0.587945, +0.218675 
1539098119.466,   0.026,  -0.034,   1.652, -1.445242, +0.557024, +0.200732 
1539098119.576,   0.028,  -0.070,   1.656, -1.441911, +0.428347, -0.396342 
1539098119.676,   0.031,  -0.095,   1.675, -1.432634, +0.499689, +0.199843 
1539098119.775,   0.033,  -0.109,   1.707, -1.427792, +0.476287, +0.225064 
