1539104350.068,  -0.009,   0.000,  -0.001, -1.366320, -0.600219, -1.610202
1539104350.168,  -0.013,  -0.000,   0.003, -1.366941, -0.600136, -1.612381
1539104350.268,  -0.013,  -0.000,   0.010, -1.367034, -0.600095, -1.608258
1539104350.368,  -0.013,  -0.000,   0.009, -1.364343, -0.600196, -1.608819
1539104350.467,  -0.010,   0.000,   0.005, -1.359400, -0.600196, -1.606892
1539104350.567,   0.011,  -0.000,  -0.014, -1.347267, -0.601404, -1.617340
1539104350.667,   0.036,  -0.001,  -0.040, -1.327112, -0.602995, -1.650145
1539104350.777,   0.071,  -0.003,  -0.055, -1.300610, -0.606716, -1.672799
1539104350.877,   0.110,  -0.005,  -0.050, -1.268675, -0.610677, -1.678905
1539104350.977,   0.148,  -0.006,  -0.032, -1.233337, -0.615187, -1.668528
1539104351.076,   0.188,  -0.007,  -0.019, -1.195125, -0.618901, -1.652859
1539104351.176,   0.230,  -0.008,  -0.017, -1.155922, -0.621836, -1.640528
1539104351.276,   0.273,  -0.009,  -0.027, -1.115940, -0.625228, -1.637801
1539104351.376,   0.315,  -0.011,  -0.054, -1.076558, -0.628017, -1.660441
1539104351.476,   0.347,  -0.013,  -0.063, -1.039006, -0.632669, -1.677590
1539104351.576,   0.376,  -0.014,  -0.060, -1.004057, -0.637500, -1.691444
1539104351.675,   0.410,  -0.016,  -0.044, -0.971687, -0.641693, -1.683406
1539104351.785,   0.452,  -0.018,  -0.033, -0.936676, -0.645115, -1.661849
1539104351.885,   0.488,  -0.019,  -0.036, -0.901952, -0.648212, -1.664844
1539104351.985,   0.509,  -0.020,  -0.030, -0.871223, -0.651493, -1.676019
1539104352.085,   0.532,  -0.020,  -0.020, -0.843342, -0.654149, -1.667652
1539104352.184,   0.564,  -0.021,  -0.015, -0.815534, -0.656830, -1.662144
1539104352.284,   0.599,  -0.021,  -0.019, -0.787021, -0.659072, -1.659530
1539104352.384,   0.618,  -0.022,  -0.010, -0.759690, -0.661762, -1.659805
1539104352.484,   0.632,  -0.022,   0.011, -0.737772, -0.663983, -1.656966
1539104352.584,   0.654,  -0.021,   0.032, -0.716021, -0.665563, -1.637921
1539104352.684,   0.681,  -0.020,   0.046, -0.694723, -0.666834, -1.618305
1539104352.784,   0.701,  -0.019,   0.051, -0.672074, -0.667716, -1.606265
1539104352.883,   0.713,  -0.019,   0.048, -0.652224, -0.668907, -1.603928
1539104352.983,   0.727,  -0.018,   0.042, -0.636505, -0.669696, -1.611928
1539104353.083,   0.746,  -0.017,   0.030, -0.619123, -0.670889, -1.626056
1539104353.183,   0.768,  -0.017,   0.023, -0.601360, -0.672374, -1.630220
1539104353.283,   0.786,  -0.016,   0.032, -0.583551, -0.673960, -1.643137
1539104353.383,   0.794,  -0.016,   0.051, -0.567426, -0.675587, -1.631392
1539104353.483,   0.807,  -0.015,   0.057, -0.553591, -0.676120, -1.622794
1539104353.582,   0.828,  -0.014,   0.063, -0.537261, -0.677166, -1.611826
1539104353.692,   0.850,  -0.013,   0.069, -0.518792, -0.676725, -1.588387
1539104353.792,   0.860,  -0.012,   0.080, -0.504031, -0.678814, -1.600958
1539104353.892,   0.868,  -0.011,   0.092, -0.490950, -0.679802, -1.591667
1539104353.992,   0.881,  -0.010,   0.101, -0.478827, -0.679936, -1.576614
1539104354.092,   0.899,  -0.008,   0.112, -0.464046, -0.680416, -1.575398
1539104354.192,   0.916,  -0.006,   0.101, -0.448832, -0.680503, -1.557117
1539104354.291,   0.930,  -0.005,   0.075, -0.433217, -0.679700, -1.568987
1539104354.401,   0.940,  -0.004,   0.026, -0.420716, -0.681732, -1.619421
1539104354.501,   0.944,  -0.004,   0.001, -0.405043, -0.683335, -1.669805
1539104354.601,   0.960,  -0.004,   0.017, -0.393397, -0.684985, -1.680614
1539104354.701,   0.980,  -0.004,   0.027, -0.378875, -0.686292, -1.664200
1539104354.801,   0.999,  -0.003,   0.021, -0.363759, -0.687645, -1.652653
1539104354.910,   1.014,  -0.003,   0.021, -0.349024, -0.689039, -1.660581
1539104355.010,   1.018,  -0.003,   0.053, -0.337910, -0.690165, -1.647782
1539104355.110,   1.025,  -0.002,   0.102, -0.330314, -0.691254, -1.631240
1539104355.210,   1.040,   0.000,   0.158, -0.319998, -0.689572, -1.548490
1539104355.310,   1.051,   0.002,   0.229, -0.311593, -0.689675, -1.487761
1539104355.410,   1.051,   0.002,   0.236, -0.307030, -0.688294, -1.424222
1539104355.510,   1.049,   0.002,   0.240, -0.308570, -0.688833, -1.435842
1539104355.619,   1.033,  -0.003,   0.314, -0.314976, -0.688920, -1.413474
1539104355.719,   1.019,  -0.008,   0.408, -0.325664, -0.688521, -1.316333
1539104355.819,   1.007,  -0.014,   0.515, -0.337736, -0.690042, -1.210966
1539104355.919,   0.989,  -0.026,   0.632, -0.352245, -0.692213, -1.088048
1539104356.019,   0.972,  -0.040,   0.742, -0.368413, -0.697215, -0.959985
1539104356.119,   0.957,  -0.055,   0.845, -0.385153, -0.704061, -0.838796
1539104356.219,   0.950,  -0.063,   0.910, -0.400124, -0.712035, -0.739443
1539104356.318,   0.944,  -0.072,   0.945, -0.412556, -0.719926, -0.688235
1539104356.428,   0.931,  -0.089,   0.945, -0.423285, -0.730081, -0.676975
1539104356.528,   0.919,  -0.106,   0.937, -0.434248, -0.741973, -0.678638
1539104356.628,   0.911,  -0.117,   0.929, -0.445247, -0.753423, -0.670358
1539104356.728,   0.910,  -0.119,   0.940, -0.453805, -0.762106, -0.682883
1539104356.828,   0.906,  -0.124,   0.965, -0.459877, -0.768293, -0.693578
1539104356.927,   0.897,  -0.138,   1.019, -0.466332, -0.774138, -0.653056
1539104357.027,   0.892,  -0.146,   1.083, -0.471284, -0.779034, -0.610000
1539104357.137,   0.892,  -0.147,   1.096, -0.479582, -0.785368, -0.526866
1539104357.237,   0.892,  -0.147,   1.096, -0.480475, -0.786134, -0.539657
1539104357.337,   0.892,  -0.147,   1.096, -0.480639, -0.786412, -0.541076
1539104357.437,   0.892,  -0.146,   1.095, -0.480009, -0.786323, -0.535850
1539104357.537,   0.893,  -0.145,   1.106, -0.478643, -0.783232, -0.522334
1539104357.636,   0.898,  -0.134,   1.207, -0.475926, -0.775650, -0.479933
1539104357.736,   0.902,  -0.120,   1.323, -0.473558, -0.766528, -0.399112
1539104357.836,   0.904,  -0.110,   1.426, -0.471798, -0.755847, -0.310122
1539104357.946,   0.905,  -0.101,   1.509, -0.470435, -0.747101, -0.236643
1539104358.046,   0.905,  -0.098,   1.542, -0.470093, -0.740650, -0.183381
1539104358.146,   0.905,  -0.099,   1.535, -0.469768, -0.737494, -0.163641
1539104358.246,   0.905,  -0.099,   1.533, -0.469287, -0.736478, -0.174335
1539104358.345,   0.905,  -0.101,   1.512, -0.469077, -0.735570, -0.175798
1539104358.445,   0.905,  -0.103,   1.494, -0.468398, -0.735106, -0.191156
1539104358.545,   0.905,  -0.103,   1.496, -0.467770, -0.733808, -0.198511
1539104358.655,   0.905,  -0.102,   1.496, -0.467025, -0.730022, -0.189078
1539104358.755,   0.906,  -0.093,   1.490, -0.464848, -0.722968, -0.184616
1539104358.855,   0.908,  -0.067,   1.467, -0.461002, -0.708588, -0.194055
1539104358.954,   0.910,  -0.044,   1.441, -0.455146, -0.689183, -0.217250
1539104359.054,   0.914,  -0.019,   1.431, -0.447600, -0.666373, -0.230409
1539104359.154,   0.919,   0.016,   1.436, -0.438807, -0.640432, -0.236476
1539104359.254,   0.923,   0.051,   1.458, -0.427521, -0.608181, -0.234702
1539104359.354,   0.927,   0.086,   1.474, -0.418791, -0.576156, -0.211916
1539104359.464,   0.931,   0.127,   1.467, -0.409630, -0.541672, -0.204424
1539104359.563,   0.935,   0.167,   1.453, -0.399721, -0.506049, -0.217747
1539104359.663,   0.940,   0.206,   1.440, -0.387750, -0.468680, -0.227705
1539104359.763,   0.945,   0.244,   1.438, -0.371827, -0.421227, -0.237261
1539104359.863,   0.950,   0.277,   1.431, -0.361315, -0.387418, -0.246765
1539104359.973,   0.955,   0.309,   1.429, -0.350279, -0.355928, -0.248888
1539104360.073,   0.958,   0.335,   1.431, -0.340383, -0.326230, -0.250099
1539104360.173,   0.962,   0.363,   1.437, -0.330673, -0.297201, -0.243185
1539104360.272,   0.966,   0.397,   1.450, -0.321639, -0.267697, -0.234227
1539104360.372,   0.971,   0.434,   1.465, -0.311757, -0.235497, -0.224816
1539104360.472,   0.974,   0.467,   1.465, -0.303185, -0.204152, -0.222090
1539104360.572,   0.976,   0.490,   1.486, -0.294549, -0.175389, -0.218056
1539104360.672,   0.978,   0.512,   1.502, -0.287731, -0.149524, -0.198178
1539104360.782,   0.980,   0.546,   1.501, -0.280643, -0.121669, -0.192301
1539104360.882,   0.982,   0.578,   1.491, -0.273327, -0.093415, -0.198144
1539104360.981,   0.985,   0.607,   1.493, -0.265614, -0.066487, -0.208902
1539104361.081,   0.986,   0.626,   1.497, -0.258681, -0.039189, -0.212472
1539104361.181,   0.988,   0.648,   1.495, -0.252632, -0.014918, -0.214979
1539104361.281,   0.990,   0.677,   1.475, -0.245282, +0.009708, -0.225650
1539104361.381,   0.994,   0.709,   1.459, -0.236613, +0.037629, -0.241398
1539104361.491,   0.998,   0.743,   1.439, -0.228043, +0.065157, -0.263351
1539104361.590,   1.001,   0.764,   1.457, -0.218262, +0.091462, -0.284860
1539104361.690,   1.003,   0.785,   1.497, -0.211104, +0.115306, -0.261198
1539104361.790,   1.004,   0.815,   1.540, -0.204223, +0.141243, -0.223618
1539104361.890,   1.005,   0.848,   1.568, -0.198200, +0.168736, -0.192751
1539104361.990,   1.004,   0.877,   1.596, -0.192097, +0.197926, -0.167314
1539104362.090,   1.004,   0.896,   1.617, -0.187008, +0.224327, -0.148573
1539104362.190,   1.002,   0.917,   1.644, -0.182539, +0.248853, -0.125058
1539104362.289,   1.000,   0.947,   1.639, -0.179306, +0.273135, -0.107928
1539104362.389,   0.998,   0.978,   1.613, -0.175355, +0.300914, -0.121581
1539104362.489,   0.998,   1.004,   1.576, -0.170333, +0.326963, -0.136757
1539104362.589,   0.998,   1.028,   1.561, -0.163977, +0.350925, -0.180991
1539104362.699,   0.998,   1.045,   1.615, -0.159469, +0.369728, -0.184364
1539104362.799,   0.997,   1.060,   1.679, -0.157083, +0.387274, -0.131146
1539104362.898,   0.995,   1.073,   1.745, -0.156253, +0.400642, -0.084187
1539104362.998,   0.994,   1.076,   1.794, -0.156058, +0.414812, +0.002047
1539104363.098,   0.994,   1.077,   1.804, -0.156368, +0.417543, +0.008781
1539104363.208,   0.994,   1.077,   1.803, -0.156516, +0.418282, +0.014117
1539104363.308,   0.995,   1.075,   1.814, -0.156273, +0.415813, +0.020474
1539104363.408,   0.999,   1.061,   1.912, -0.157123, +0.407697, +0.051984
1539104363.508,   1.004,   1.049,   2.042, -0.158492, +0.397048, +0.149979
1539104363.607,   1.012,   1.035,   2.165, -0.157528, +0.384184, +0.257478
1539104363.707,   1.023,   1.020,   2.273, -0.155218, +0.369036, +0.358765
1539104363.807,   1.036,   1.006,   2.359, -0.149766, +0.353474, +0.444428
1539104363.907,   1.050,   0.993,   2.412, -0.142531, +0.338230, +0.505335
1539104364.007,   1.065,   0.981,   2.443, -0.134433, +0.323932, +0.543287
1539104364.107,   1.078,   0.970,   2.449, -0.125505, +0.311228, +0.553896
1539104364.207,   1.081,   0.967,   2.462, -0.117877, +0.300748, +0.552331
1539104364.307,   1.085,   0.964,   2.465, -0.112927, +0.293719, +0.564915
1539104364.416,   1.093,   0.957,   2.486, -0.107969, +0.286949, +0.573833
1539104364.516,   1.101,   0.952,   2.521, -0.105915, +0.282895, +0.589592
1539104364.616,   1.106,   0.948,   2.563, -0.102365, +0.277249, +0.616091
1539104364.716,   1.108,   0.947,   2.595, -0.102365, +0.277249, +0.616091
1539104364.816,   1.108,   0.947,   2.597, -0.102365, +0.277249, +0.616091
1539104364.915,   1.101,   0.951,   2.649, -0.100024, +0.271883, +0.676425
1539104365.015,   1.086,   0.958,   2.734, -0.108683, +0.278337, +0.729540
1539104365.115,   1.072,   0.964,   2.805, -0.121897, +0.285733, +0.852966
1539104365.215,   1.060,   0.968,   2.867, -0.132436, +0.291641, +0.924137
1539104365.315,   1.052,   0.969,   2.942, -0.142346, +0.296301, +0.998681
1539104365.425,   1.045,   0.971,   3.013, -0.150884, +0.299441, +1.075933
1539104365.505,   1.041,   0.971,   3.054, -0.159239, +0.301846, +1.138465
1539104365.624,   1.035,   0.971,   3.106, -0.166301, +0.303703, +1.185942
1539104365.724,   1.028,   0.971,   3.141, -0.172868, +0.304981, +1.239317
1539104365.824,   1.019,   0.971,  -3.128, -0.181016, +0.306874, +1.280237
1539104365.924,   1.012,   0.971,  -3.115, -0.189875, +0.308877, +1.309065
1539104366.024,   1.004,   0.971,  -3.113, -0.198497, +0.310856, +1.299660
1539104366.124,   0.994,   0.971,  -3.124, -0.208588, +0.313476, +1.290713
1539104366.234,   0.975,   0.971,   3.122, -0.222070, +0.317435, +1.274060
1539104366.333,   0.953,   0.972,   3.086, -0.243161, +0.325010, +1.228144
1539104366.433,   0.932,   0.973,   3.041, -0.261060, +0.331939, +1.180133
1539104366.533,   0.910,   0.976,   2.982, -0.280100, +0.339748, +1.118378
1539104366.633,   0.889,   0.980,   2.942, -0.299310, +0.350039, +1.064858
1539104366.743,   0.867,   0.985,   2.914, -0.317682, +0.360450, +1.019795
1539104366.843,   0.847,   0.989,   2.922, -0.337085, +0.371635, +1.001912
1539104366.942,   0.821,   0.994,   2.981, -0.358962, +0.383622, +1.044995
1539104367.042,   0.794,   0.998,   3.047, -0.382120, +0.392958, +1.110018
1539104367.152,   0.763,   1.000,   3.108, -0.407585, +0.401653, +1.184351
1539104367.252,   0.736,   1.000,  -3.127, -0.433756, +0.409443, +1.254133
1539104367.352,   0.715,   0.999,  -3.087, -0.458338, +0.415692, +1.308113
1539104367.452,   0.699,   0.998,  -3.084, -0.480936, +0.420597, +1.337464
1539104367.552,   0.677,   0.997,  -3.105, -0.505540, +0.426454, +1.337457
1539104367.651,   0.647,   0.997,   3.133, -0.526325, +0.432692, +1.283933
1539104367.751,   0.621,   0.998,   3.081, -0.548825, +0.439723, +1.230563
1539104367.851,   0.598,   1.000,   3.037, -0.572616, +0.449272, +1.192800
1539104367.961,   0.578,   1.002,   3.011, -0.591893, +0.458230, +1.142339
1539104368.061,   0.562,   1.004,   3.023, -0.610834, +0.467109, +1.122350
1539104368.161,   0.541,   1.006,   3.059, -0.587038, +0.437909, -1.993755
1539104368.261,   0.515,   1.008,   3.096, -0.607722, +0.446630, -1.950592
1539104368.360,   0.487,   1.009,   3.132, -0.629888, +0.455761, -1.913846
1539104368.460,   0.459,   1.008,  -3.122, -0.653324, +0.464360, -1.876013
1539104368.560,   0.439,   1.008,  -3.102, -0.676363, +0.471712, -1.853887
1539104368.660,   0.425,   1.007,  -3.109, -0.697739, +0.477319, -1.835527
1539104368.760,   0.403,   1.007,  -3.140, -0.704754, +0.489152, -1.031848
1539104368.860,   0.375,   1.008,   3.100, -0.727181, +0.493427, -0.997007
1539104368.959,   0.348,   1.009,   3.056, -0.749859, +0.498488, -0.936238
1539104369.069,   0.325,   1.012,   3.022, -0.836890, +0.539914, +1.150907
1539104369.169,   0.309,   1.014,   3.002, -0.858985, +0.549217, +1.136674
1539104369.269,   0.291,   1.016,   3.000, -0.875797, +0.557986, +1.099040
1539104369.369,   0.267,   1.019,   3.046, -0.897860, +0.567496, +1.121435
1539104369.469,   0.239,   1.021,   3.115, -0.920214, +0.575034, +1.187553
1539104369.579,   0.211,   1.021,  -3.087, -0.946620, +0.582501, +1.276795
1539104369.678,   0.190,   1.019,  -3.020, -0.970845, +0.586813, +1.356875
1539104369.778,   0.172,   1.016,  -2.983, -0.991154, +0.588600, +1.432235
1539104369.878,   0.150,   1.013,  -3.002, -1.013522, +0.590267, +1.442452
1539104369.978,   0.127,   1.010,  -3.064, -1.035583, +0.594242, +1.395388
1539104370.078,   0.105,   1.009,  -3.127, -1.055437, +0.600201, +1.324160
1539104370.178,   0.087,   1.009,   3.108, -1.073415, +0.606395, +1.256930
1539104370.277,   0.072,   1.010,   3.081, -1.091513, +0.613462, +1.207228
1539104370.377,   0.054,   1.011,   3.087, -1.109451, +0.620467, +1.184855
1539104370.477,   0.030,   1.012,   3.129, -1.129526, +0.627302, +1.215502
1539104370.587,   0.002,   1.011,  -3.092, -1.151351, +0.633075, +1.273579
1539104370.687,  -0.024,   1.009,  -3.038, -1.173776, +0.637874, +1.339161
1539104370.787,  -0.046,   1.006,  -2.956, -1.196090, +0.641838, +1.396119
1539104370.887,  -0.061,   1.003,  -2.813, -1.211912, +0.642344, +1.513653
1539104370.986,  -0.069,   0.999,  -2.667, -1.227444, +0.640183, +1.662598
1539104371.086,  -0.063,   1.003,  -2.486, -1.233042, +0.636874, +1.837641
1539104371.186,  -0.059,   1.007,  -2.309, -1.231568, +0.633519, +2.040543
1539104371.286,  -0.059,   1.007,  -2.123, -1.228238, +0.629325, +2.235978
1539104371.396,  -0.055,   1.016,  -1.886, -1.223832, +0.628962, +2.404396
1539104371.496,  -0.052,   1.031,  -1.624, -1.214125, +0.631834, +2.633700
1539104371.596,  -0.053,   1.044,  -1.357, -1.204540, +0.637641, +2.867291
1539104371.695,  -0.058,   1.059,  -1.203, -1.196689, +0.644963, +3.085706
1539104371.795,  -0.060,   1.064,  -1.158, -1.193271, +0.654811, -3.091902
1539104371.895,  -0.063,   1.073,  -1.225, -1.194098, +0.665233, -3.089127
1539104371.995,  -0.066,   1.082,  -1.327, -1.196702, +0.671534, +3.118342
1539104372.105,  -0.067,   1.086,  -1.382, -1.199400, +0.674468, +3.046903
1539104372.205,  -0.066,   1.078,  -1.440, -1.201383, +0.669820, +3.021258
1539104372.305,  -0.064,   1.057,  -1.526, -1.206511, +0.659216, +2.960248
1539104372.414,  -0.064,   1.030,  -1.607, -1.213857, +0.641735, +2.889545
1539104372.514,  -0.066,   1.004,  -1.645, -1.224170, +0.620614, +2.839432
1539104372.614,  -0.068,   0.973,  -1.632, -1.235822, +0.596301, +2.817495
1539104372.714,  -0.069,   0.939,  -1.590, -1.247843, +0.567986, +2.842689
1539104372.814,  -0.069,   0.904,  -1.535, -1.258996, +0.537720, +2.878737
1539104372.914,  -0.067,   0.869,  -1.496, -1.265423, +0.516200, +2.902097
1539104373.013,  -0.064,   0.835,  -1.475, -1.276766, +0.472187, +2.940790
1539104373.113,  -0.061,   0.802,  -1.476, -1.284426, +0.438673, +2.951690
1539104373.213,  -0.058,   0.769,  -1.484, -1.292459, +0.406242, +2.949418
1539104373.313,  -0.055,   0.736,  -1.487, -1.300910, +0.374654, +2.946075
1539104373.413,  -0.052,   0.706,  -1.478, -1.309799, +0.343959, +2.950965
1539104373.523,  -0.049,   0.675,  -1.467, -1.317793, +0.315062, +2.956795
1539104373.622,  -0.047,   0.651,  -1.454, -1.324623, +0.288338, +2.961972
1539104373.722,  -0.044,   0.629,  -1.450, -1.330880, +0.262726, +2.969070
1539104373.822,  -0.041,   0.608,  -1.459, -1.336690, +0.238540, +2.970086
1539104373.922,  -0.039,   0.582,  -1.487, -1.342914, +0.214373, +2.959867
1539104374.022,  -0.037,   0.552,  -1.522, -1.350762, +0.188826, +2.933295
1539104374.122,  -0.036,   0.523,  -1.553, -1.359416, +0.163488, +2.902940
1539104374.222,  -0.036,   0.495,  -1.566, -1.369318, +0.137815, +2.880688
1539104374.321,  -0.036,   0.472,  -1.548, -1.378769, +0.114087, +2.873914
1539104374.421,  -0.035,   0.455,  -1.499, -1.386815, +0.091731, +2.899580
1539104374.521,  -0.033,   0.438,  -1.444, -1.392612, +0.070479, +2.951237
1539104374.621,  -0.030,   0.414,  -1.416, -1.396937, +0.048651, +2.995750
1539104374.721,  -0.025,   0.386,  -1.417, -1.401770, +0.024715, +3.006817
1539104374.831,  -0.021,   0.357,  -1.450, -1.407088, +0.000991, +2.992057
1539104374.931,  -0.019,   0.340,  -1.503, -1.412681, -0.021387, +2.965060
1539104375.030,  -0.019,   0.324,  -1.570, -1.419383, -0.041248, +2.908902
1539104375.130,  -0.020,   0.302,  -1.623, -1.427394, -0.059515, +2.860724
1539104375.230,  -0.021,   0.275,  -1.660, -1.436692, -0.079777, +2.816921
1539104375.330,  -0.024,   0.250,  -1.679, -1.447570, -0.100693, +2.785113
1539104375.430,  -0.026,   0.227,  -1.678, -1.461785, -0.128293, +2.760277
1539104375.530,  -0.028,   0.209,  -1.673, -1.468149, -0.141602, +2.750335
1539104375.630,  -0.030,   0.189,  -1.655, -1.477289, -0.161996, +2.765993
1539104375.729,  -0.032,   0.164,  -1.624, -1.490375, -0.190386, +2.790167
1539104375.829,  -0.033,   0.135,  -1.587, -1.499894, -0.213847, +2.809483
1539104375.940,  -0.033,   0.106,  -1.512, -1.510516, -0.237814, +2.851874
1539104376.039,  -0.031,   0.088,  -1.443, -1.517158, -0.261677, +2.914021
1539104376.139,  -0.028,   0.068,  -1.405, -1.521530, -0.284974, +2.970811
1539104376.239,  -0.023,   0.041,  -1.396, -1.525151, -0.308045, +2.986582
1539104376.338,  -0.018,   0.012,  -1.397, -1.531048, -0.334143, +2.993168
1539104376.438,  -0.013,  -0.016,  -1.401, -1.535220, -0.359554, +2.994675
1539104376.538,  -0.010,  -0.033,  -1.390, -1.541784, -0.380530, +2.978697
1539104376.638,  -0.007,  -0.048,  -1.357, -1.543797, -0.399666, +3.011797
1539104376.738,  -0.003,  -0.067,  -1.327, -1.547860, -0.416530, +3.027050
1539104376.838,   0.001,  -0.081,  -1.282, -1.549660, -0.428785, +3.054132
1539104376.938,   0.001,  -0.081,  -1.266, -1.549876, -0.437909, +3.095040
1539104377.047,   0.001,  -0.082,  -1.267, -1.550436, -0.441345, +3.091483
1539104377.147,   0.001,  -0.082,  -1.267, -1.550576, -0.442773, +3.093194
1539104377.247,   0.001,  -0.082,  -1.267, -1.550455, -0.441127, +3.089368
1539104377.347,  -0.000,  -0.077,  -1.221, -1.549959, -0.437214, +3.091121
1539104377.447,  -0.006,  -0.064,  -1.076, -1.548447, -0.429523, -3.112486
1539104377.547,  -0.015,  -0.051,  -0.920, -1.546413, -0.417961, -2.982037
1539104377.646,  -0.025,  -0.040,  -0.779, -1.546614, -0.405623, -2.856664
1539104377.746,  -0.041,  -0.025,  -0.673, -1.549923, -0.389867, -2.739830
1539104377.846,  -0.059,  -0.011,  -0.601, -1.555998, -0.373417, -2.669557
1539104377.946,  -0.076,  -0.001,  -0.548, -1.563028, -0.358053, -2.620302
1539104378.046,  -0.085,   0.004,  -0.537, -1.570488, -0.344518, -2.576433
1539104378.146,  -0.088,   0.007,  -0.549, -1.576569, -0.336102, -2.571365
1539104378.246,  -0.096,   0.011,  -0.560, -1.582717, -0.328527, -2.572824
1539104378.345,  -0.110,   0.020,  -0.548, -1.588142, -0.320224, -2.571756
1539104378.445,  -0.117,   0.024,  -0.541, -1.593381, -0.312751, -2.575565
1539104378.545,  -0.117,   0.024,  -0.535, -1.595941, -0.309204, -2.572211
1539104378.645,  -0.117,   0.024,  -0.535, -1.596616, -0.308316, -2.566724
1539104378.755,  -0.116,   0.024,  -0.537, -1.595522, -0.309891, -2.571752
1539104378.855,  -0.107,   0.019,  -0.484, -1.592424, -0.313781, -2.579597
1539104378.954,  -0.088,   0.010,  -0.396, -1.583472, -0.320945, -2.496351
1539104379.054,  -0.076,   0.005,  -0.292, -1.571746, -0.329742, -2.392133
1539104379.154,  -0.067,   0.003,  -0.223, -1.563160, -0.336206, -2.307673
1539104379.254,  -0.060,   0.002,  -0.152, -1.554157, -0.341421, -2.243470
1539104379.354,  -0.052,   0.001,  -0.088, -1.587491, -0.321477, +2.369824
1539104379.454,  -0.041,   0.000,  -0.038, -1.536597, -0.348955, -2.114422
1539104379.554,  -0.030,  -0.000,  -0.001, -1.573176, -0.332160, +2.384973
1539104379.653,  -0.029,  -0.000,   0.007, -1.521070, -0.354891, -2.025568
1539104379.753,  -0.028,  -0.000,   0.010, -1.516550, -0.357067, -2.026076
1539104379.853,  -0.028,  -0.000,   0.008, -1.511760, -0.358266, -2.030469
1539104379.953,  -0.019,   0.000,   0.013, -1.506916, -0.361139, -2.046010
1539104380.063,  -0.003,   0.000,   0.017, -1.497838, -0.365184, -2.036192
1539104380.163,   0.011,   0.001,   0.017, -1.486951, -0.370131, -2.023179
1539104380.263,   0.024,   0.001,   0.012, -1.475019, -0.375421, -2.021790
1539104380.362,   0.038,   0.001,   0.008, -1.462216, -0.381014, -2.031277
1539104380.462,   0.053,   0.001,   0.007, -1.448019, -0.387383, -2.036469
1539104380.562,   0.072,   0.001,   0.001, -1.432555, -0.394564, -2.035153
1539104380.672,   0.097,   0.001,  -0.008, -1.408811, -0.405889, -2.044729
1539104380.772,   0.120,   0.001,  -0.010, -1.389672, -0.415344, -2.044878
1539104380.872,   0.141,   0.001,  -0.013, -1.370228, -0.424468, -2.046096
1539104380.972,   0.161,   0.000,  -0.024, -1.351256, -0.433354, -2.058300
1539104381.071,   0.180,  -0.000,  -0.033, -1.332947, -0.442807, -2.076772
1539104381.171,   0.200,  -0.001,  -0.048, -1.313630, -0.452352, -2.090276
1539104381.281,   0.225,  -0.003,  -0.071, -1.294834, -0.462734, -2.109048
1539104381.381,   0.248,  -0.005,  -0.087, -1.275447, -0.474053, -2.126075
1539104381.481,   0.272,  -0.007,  -0.099, -1.256334, -0.485178, -2.143298
1539104381.580,   0.295,  -0.009,  -0.107, -1.236485, -0.496729, -2.149465
1539104381.681,   0.315,  -0.011,  -0.096, -1.218000, -0.507762, -2.146577
1539104381.780,   0.332,  -0.013,  -0.072, -1.200910, -0.518319, -2.126179
1539104381.880,   0.349,  -0.014,  -0.037, -1.184096, -0.527417, -2.096312
1539104381.980,   0.364,  -0.014,  -0.011, -1.166857, -0.535340, -2.070187
1539104382.080,   0.383,  -0.014,   0.013, -1.148168, -0.543963, -2.040643
1539104382.180,   0.409,  -0.013,   0.033, -1.129929, -0.551855, -2.030299
1539104382.280,   0.436,  -0.012,   0.049, -1.109296, -0.561167, -2.002540
1539104382.379,   0.452,  -0.011,   0.051, -1.088896, -0.569526, -1.989290
1539104382.489,   0.468,  -0.011,   0.037, -1.070321, -0.576971, -1.992241
1539104382.589,   0.491,  -0.010,   0.008, -1.052446, -0.584706, -2.027042
1539104382.689,   0.518,  -0.010,  -0.035, -1.032375, -0.594918, -2.052157
1539104382.789,   0.544,  -0.012,  -0.090, -1.012262, -0.605161, -2.106935
1539104382.889,   0.559,  -0.014,  -0.113, -0.993256, -0.616601, -2.157813
1539104382.988,   0.574,  -0.015,  -0.115, -0.975639, -0.627489, -2.175579
1539104383.088,   0.600,  -0.018,  -0.076, -0.957927, -0.638266, -2.176324
1539104383.198,   0.633,  -0.020,  -0.026, -0.936513, -0.649893, -2.124018
1539104383.298,   0.653,  -0.020,   0.042, -0.914436, -0.660969, -2.073311
1539104383.398,   0.667,  -0.019,   0.090, -0.893387, -0.670383, -2.008704
1539104383.498,   0.689,  -0.016,   0.106, -0.873216, -0.677586, -1.968882
1539104383.598,   0.718,  -0.013,   0.092, -0.852137, -0.685028, -1.964269
1539104383.707,   0.745,  -0.011,   0.040, -0.821720, -0.697368, -1.991991
1539104383.807,   0.760,  -0.011,  -0.032, -0.803267, -0.705581, -2.064877
1539104383.907,   0.776,  -0.012,  -0.080, -0.786430, -0.715865, -2.146090
1539104384.007,   0.803,  -0.015,  -0.081, -0.767818, -0.727926, -2.161187
1539104384.107,   0.831,  -0.017,  -0.067, -0.747951, -0.739605, -2.151326
1539104384.207,   0.853,  -0.018,  -0.013, -0.727465, -0.751470, -2.119649
1539104384.307,   0.868,  -0.017,   0.059, -0.707834, -0.761134, -2.050744
1539104384.407,   0.886,  -0.016,   0.115, -0.688123, -0.768003, -1.975428
1539104384.516,   0.914,  -0.012,   0.155, -0.668157, -0.774646, -1.929370
1539104384.616,   0.943,  -0.007,   0.156, -0.645641, -0.781104, -1.892738
1539104384.716,   0.963,  -0.004,   0.106, -0.627259, -0.787352, -1.906703
1539104384.816,   0.967,  -0.004,   0.078, -0.613711, -0.792522, -1.957613
1539104384.916,   0.971,  -0.004,   0.049, -0.603422, -0.796764, -1.969887
1539104385.015,   0.981,  -0.003,   0.019, -0.598383, -0.799129, -1.995666
1539104385.115,   0.995,  -0.003,   0.002, -0.588821, -0.803625, -2.030479
1539104385.215,   0.998,  -0.003,  -0.004, -0.582630, -0.806787, -2.043714
1539104385.315,   0.998,  -0.003,  -0.003, -0.580445, -0.807848, -2.047245
1539104385.415,   0.998,  -0.003,  -0.002, -0.581229, -0.807540, -2.045171
1539104385.525,   0.989,  -0.004,   0.080, -0.584970, -0.805563, -2.032567